Episodic Rewards,Episodic Costs,Episode Lengths
2.0,0.0,32.0
1.0,9.600000381469727,32.0
3.0,3.200000047683716,32.0
1.0,9.600000381469727,32.0
1.0,9.600000381469727,32.0
1.0,12.800000190734863,32.0
1.0,6.400000095367432,32.0
1.0,6.400000095367432,32.0
1.0,0.30000001192092896,32.0
1.0,9.600000381469727,32.0
1.0,0.0,32.0
1.0,0.0,32.0
1.0,0.0,32.0
1.0,0.0,32.0
1.0,0.20000000298023224,32.0
4.0,3.300000049173832,32.0
1.0,9.600000381469727,32.0
1.0,0.6000000089406967,32.0
1.0,9.600000381469727,32.0
4.0,3.1000000461935997,32.0
1.0,6.400000095367432,32.0
3.0,3.200000047683716,32.0
3.0,3.200000047683716,32.0
3.0,3.200000047683716,32.0
1.0,0.0,32.0
1.0,0.0,32.0
1.0,0.0,32.0
1.0,16.0,32.0
1.0,9.600000381469727,32.0
1.0,9.600000381469727,32.0
