TotalEnvSteps,REINFORCE-seed-3,REINFORCE-seed-1,REINFORCE-seed-0
128,3.200000048,4.199999809,3.099999905
256,4.300000191,4,2
384,3.099999905,2.099999905,2.799999952
512,3.700000048,2.299999952,2.599999905
640,2.700000048,2.200000048,2.799999952
768,3.099999905,4.199999809,3.099999905
896,4.599999905,3.900000095,3.599999905
1024,3.900000095,3.799999952,4.099999905
1152,3.799999952,3.299999952,4
1280,3.099999905,3.299999952,3
1408,4,5.5,3.900000095
1536,2.900000095,2.900000095,2.900000095
1664,4.900000095,5,3.200000048
1792,2.900000095,3.900000095,2.5
1920,4.300000191,4.300000191,4.400000095
2048,3.700000048,2.599999905,5.199999809
2176,2.099999905,5,4.199999809
2304,4.099999905,5.099999905,4.199999809
2432,5.099999905,5.199999809,3.900000095
2560,4.5,5.800000191,5.300000191
2688,5.099999905,4.199999809,3.900000095
2816,5.199999809,4.099999905,4.900000095
2944,5.5,4,3.299999952
3072,5.400000095,3.700000048,3.700000048
3200,5,4.199999809,4.199999809
3328,4.800000191,4.5,4.900000095
3456,6,5,5.5
3584,5.300000191,3.5,6.699999809
3712,5.800000191,3.299999952,5.699999809
3840,4.699999809,4.400000095,4.699999809
3968,5,5.800000191,5.400000095
4096,5.199999809,4,6.099999905
4224,5.800000191,5.199999809,5.900000095
4352,7.099999905,6.199999809,5.599999905
4480,4.699999809,4.800000191,4.800000191
4608,5,5,6.199999809
4736,5.400000095,5,6.900000095
4864,5.099999905,6,6.099999905
4992,4.900000095,8,6.099999905
5120,5.300000191,6.5,5.699999809
5248,5.400000095,5.599999905,4.400000095
5376,5.599999905,5.800000191,6.5
5504,6,5.099999905,7.800000191
5632,6.199999809,5.800000191,8
5760,5.5,5.900000095,6.900000095
5888,5.800000191,6.099999905,6.300000191
6016,5.599999905,5.400000095,5.5
6144,6.099999905,5.199999809,5.699999809
6272,7.199999809,5.5,7
6400,8.100000381,5.599999905,6.400000095
6528,8.800000191,5.800000191,5.599999905
6656,7.099999905,6,5.5
6784,6.300000191,7,7
6912,7.099999905,5.5,4.599999905
7040,7.800000191,6.800000191,5.099999905
7168,6.699999809,5.699999809,7.900000095
7296,5.099999905,5.300000191,8.600000381
7424,5.400000095,5.5,6.599999905
7552,7.199999809,5.300000191,6.300000191
7680,5.400000095,4.900000095,6.5
7808,5.900000095,4.699999809,5.5
7936,5.900000095,6.099999905,4.699999809
8064,5.199999809,6.199999809,5.800000191
8192,5.099999905,7,5.5
8320,5.199999809,4.699999809,6.300000191
8448,5.199999809,5.599999905,7.099999905
8576,7,5.5,6.599999905
8704,6.400000095,6.099999905,6.5
8832,5.199999809,7.300000191,5.699999809
8960,6.199999809,6.900000095,6.400000095
9088,7,5.900000095,6.099999905
9216,6.099999905,6.199999809,6.099999905
9344,5.699999809,6.5,6.400000095
9472,6.400000095,6.199999809,5.400000095
9600,6.699999809,6.599999905,5.199999809
9728,7,6.199999809,5.300000191
9856,7.199999809,8.300000191,6.199999809
9984,6.900000095,8.399999619,6.300000191
10112,6.5,8.100000381,7.300000191
10240,5.599999905,7.900000095,8.399999619
10368,5.800000191,5.900000095,6.5
10496,7.400000095,6.599999905,7.599999905
10624,7.800000191,6.599999905,9.100000381
10752,6.5,6.599999905,8.399999619
10880,6.800000191,6.300000191,7.5
11008,7.099999905,6.5,6.199999809
11136,7.199999809,5.400000095,6.400000095
11264,6.800000191,5.099999905,6.800000191
11392,5.800000191,6.900000095,7.5
11520,5.300000191,5.300000191,5.699999809
11648,6.599999905,5.699999809,7.199999809
11776,6.800000191,7,8.100000381
11904,6.800000191,5.599999905,6.300000191
12032,6.900000095,7.400000095,7.199999809
12160,6.400000095,7.699999809,9.300000191
12288,7,7.300000191,9.600000381
12416,7,6.699999809,7.400000095
12544,6.5,7.099999905,7.199999809
12672,6.300000191,6.900000095,6.800000191
12800,6.099999905,5.800000191,6.199999809
12928,6.199999809,6.900000095,5.800000191
13056,6.400000095,7.400000095,8.399999619
13184,7.900000095,6.5,7.199999809
13312,7.900000095,6.400000095,6.199999809
13440,6.699999809,6.099999905,5.199999809
13568,7.599999905,5.900000095,6.800000191
13696,7.800000191,6.199999809,8
13824,7.099999905,8.300000191,8.699999809
13952,6.800000191,8.5,7.099999905
14080,6.599999905,7,7.099999905
14208,6.900000095,7.300000191,7.400000095
14336,6.300000191,7.199999809,6.800000191
14464,6.199999809,7.300000191,6.800000191
14592,6.900000095,8,8.800000191
14720,8.100000381,7.900000095,9.100000381
14848,9.300000191,7.800000191,9.100000381
14976,8.899999619,7.900000095,9
15104,7.400000095,7.300000191,9.199999809
15232,7.800000191,6.099999905,9.300000191
15360,6.599999905,6.900000095,8.100000381
15488,7.099999905,8.399999619,7.199999809
15616,8.600000381,6.800000191,7.599999905
15744,7.800000191,6.099999905,8.100000381
15872,6.099999905,6.099999905,6.699999809
16000,5.800000191,6.400000095,7.599999905
16128,5.900000095,5.900000095,8.699999809
16256,5.5,5.900000095,7.900000095
16384,6.900000095,5.699999809,8
16512,7.300000191,6.300000191,8.100000381
16640,6.5,7.599999905,9.5
16768,6.699999809,7.599999905,8.5
16896,7.099999905,6.699999809,6.5
17024,7.699999809,7.099999905,6.099999905
17152,9.199999809,6.5,7.099999905
17280,7.599999905,5.300000191,7.199999809
17408,5.599999905,6.800000191,7.900000095
17536,6.300000191,8.5,8.100000381
17664,8.5,7.300000191,7.699999809
17792,8.5,6.699999809,7.400000095
17920,6.400000095,7.099999905,8.399999619
18048,6.900000095,7,8
18176,7.599999905,6.900000095,5.900000095
18304,6.400000095,7.199999809,7
18432,8.199999809,6.5,7.199999809
18560,8.699999809,7.099999905,7.599999905
18688,8.199999809,7.5,7.699999809
18816,7.599999905,6.800000191,6.599999905
18944,7.400000095,6.199999809,6.300000191
19072,7.199999809,6.900000095,5.800000191
19200,7.599999905,7.5,6.599999905
19328,6.099999905,8.699999809,7.099999905
19456,6.599999905,7.900000095,8.600000381
19584,7,6.599999905,9.600000381
19712,7.400000095,7.599999905,8.100000381
19840,8.5,8.600000381,6.599999905
19968,8.5,8.100000381,7.199999809
20096,8,7.5,7.599999905
20224,8,8,7.400000095
20352,8.899999619,7.599999905,6.900000095
20480,7.699999809,7.400000095,6.599999905
20608,6.400000095,7.800000191,6.5
20736,6.800000191,7,6.699999809
20864,7.599999905,6.099999905,7.400000095
20992,7.599999905,6.400000095,8.899999619
21120,8.100000381,7.699999809,8.100000381
21248,8.300000191,8.399999619,7.599999905
21376,7.699999809,8.600000381,7.599999905
21504,7.099999905,7.5,6.800000191
21632,7.199999809,8.199999809,7.699999809
21760,8.199999809,8.5,8.300000191
21888,9.199999809,7.599999905,8.300000191
22016,9.600000381,7.199999809,9.800000191
22144,8.399999619,7.199999809,9.399999619
22272,9.199999809,6.5,7.699999809
22400,8.5,6.599999905,7.400000095
22528,8.100000381,7.599999905,7
22656,9.199999809,7.900000095,8.100000381
22784,8.300000191,8.5,8.899999619
22912,9.600000381,8.699999809,7.800000191
23040,8,7.199999809,9.399999619
23168,7.199999809,6.199999809,8.600000381
23296,8,7.800000191,7.400000095
23424,8.5,8.899999619,7.5
23552,7.699999809,9.100000381,6
23680,6.5,7.300000191,5.699999809
23808,6.900000095,6.800000191,6.699999809
23936,8.899999619,7.699999809,7.300000191
24064,10.30000019,7.900000095,7.199999809
24192,9.199999809,7.699999809,7
24320,9.100000381,8.800000191,7.300000191
24448,7.900000095,7.900000095,8.100000381
24576,6.900000095,7.199999809,7.800000191
24704,7.900000095,7.599999905,8.899999619
24832,8.699999809,6.800000191,9.399999619
24960,7.400000095,7.300000191,6.599999905
25088,7.099999905,6.400000095,7
25216,7.599999905,6.599999905,8
25344,9.199999809,8.600000381,8.300000191
25472,9.5,7.900000095,8.800000191
25600,7.300000191,7.800000191,8.199999809
25728,8.899999619,7.900000095,8.5
25856,9.699999809,7.599999905,9.399999619
25984,7.5,7.900000095,8.100000381
26112,8.300000191,7.800000191,7.599999905
26240,6.5,7,8
26368,7.199999809,6.699999809,9.899999619
26496,9.899999619,7.400000095,9.899999619
26624,8.899999619,8.600000381,9
26752,7.400000095,7.800000191,7.199999809
26880,8.5,7.400000095,7.5
27008,10.5,7.099999905,5.900000095
27136,9.600000381,8.100000381,6.900000095
27264,6.800000191,8.399999619,6.900000095
27392,8.100000381,7,7.199999809
27520,7.900000095,6.599999905,8.600000381
27648,8.399999619,7.199999809,7.900000095
27776,7.900000095,6.800000191,7.699999809
27904,7.400000095,7.400000095,8.100000381
28032,8.5,8.800000191,9
28160,9.5,8.699999809,10.39999962
28288,9.100000381,8.899999619,8.300000191
28416,8.600000381,9.100000381,8.600000381
28544,8.600000381,8.899999619,11.19999981
28672,8.5,6.900000095,9.399999619
28800,9.399999619,6.900000095,8.600000381
28928,8.699999809,7.400000095,8.800000191
29056,7.699999809,7.900000095,9.300000191
29184,7.900000095,7.900000095,9.300000191
29312,7.599999905,8.600000381,8.600000381
29440,7.400000095,7.400000095,6.400000095
29568,6.800000191,7.300000191,6.5
29696,7.900000095,7.800000191,8.699999809
29824,7.800000191,9.399999619,8.300000191
29952,8.300000191,9.100000381,8.300000191
30080,7.5,10.10000038,8.5
30208,8.300000191,10.30000019,9.899999619
30336,9.800000191,9.199999809,9.699999809
30464,11,9.399999619,9.5
30592,9.199999809,9,8.199999809
30720,7.800000191,7.199999809,7.900000095
30848,9.399999619,7.300000191,7
30976,8.800000191,8.300000191,7.300000191
31104,9.699999809,8.800000191,8.199999809
31232,9.300000191,8,9.199999809
31360,10.10000038,8.399999619,8.399999619
31488,10,9.5,8.5
31616,9.699999809,9.100000381,9.399999619
31744,9.399999619,8.699999809,9.199999809
31872,8.600000381,8.600000381,9.5
32000,8.800000191,7.900000095,10
32128,9.699999809,8.699999809,10.10000038
32256,9.699999809,9.300000191,8.399999619
32384,7.199999809,8.600000381,7.5
32512,6.699999809,8.600000381,9
32640,8.199999809,8.300000191,8.5
32768,8.899999619,8.699999809,7.900000095
32896,7.800000191,9.300000191,8.600000381
33024,8.600000381,8.399999619,7.900000095
33152,9.399999619,9.300000191,6.800000191
33280,8.399999619,9.899999619,7.199999809
33408,7.599999905,9.5,7
33536,7.699999809,8.600000381,7.699999809
33664,8.100000381,9.399999619,9
33792,8.699999809,8.800000191,9.399999619
33920,8.300000191,8.600000381,8.699999809
34048,7.699999809,7.199999809,8.300000191
34176,8.300000191,7.599999905,9.5
34304,9.899999619,8.600000381,9.699999809
34432,10.19999981,9.300000191,7.800000191
34560,9.199999809,8.699999809,8.300000191
34688,8.100000381,10,8.699999809
34816,8.5,9.899999619,8.5
34944,9.899999619,9,8.699999809
35072,9.899999619,9.100000381,7.300000191
35200,9.800000191,8.300000191,7.599999905
35328,9.899999619,9.399999619,8.899999619
35456,8.5,9,8.600000381
35584,6.599999905,8.600000381,7.199999809
35712,9.100000381,8.600000381,8
35840,8.899999619,7.599999905,9.199999809
35968,8.399999619,8.100000381,10.60000038
36096,7.699999809,10,9.800000191
36224,9.199999809,9.699999809,7.699999809
36352,9.600000381,8.899999619,8
36480,7.900000095,8.300000191,7.5
36608,8.699999809,8.699999809,8.199999809
36736,8.5,9.399999619,8.399999619
36864,8.199999809,8.899999619,9
36992,7.599999905,8.600000381,7.900000095
37120,9.399999619,8,7.699999809
37248,10.30000019,9,9.800000191
37376,8.800000191,9.399999619,10
37504,10.10000038,9,8.300000191
37632,9.600000381,7.400000095,7.5
37760,7,7.400000095,9.600000381
37888,7.400000095,9.399999619,10.69999981
38016,8.5,9.399999619,12.10000038
38144,8.399999619,7.699999809,10.5
38272,9.5,8.199999809,9.199999809
38400,11.5,9.600000381,9.100000381
38528,7.5,10.19999981,8.300000191
38656,7,11.10000038,8.899999619
38784,9.699999809,11,10.60000038
38912,9.199999809,8.199999809,10.10000038
39040,10.10000038,7.599999905,9.600000381
39168,11.60000038,10.39999962,9.199999809
39296,9.800000191,10.30000019,9.699999809
39424,7.699999809,8.600000381,10
39552,7.900000095,9.100000381,10.69999981
39680,8.300000191,9.899999619,11.69999981
39808,9.899999619,11.10000038,12.60000038
39936,9.800000191,9.600000381,8.899999619
40064,10.89999962,8.899999619,9.399999619
40192,11.10000038,9.399999619,10
40320,11.39999962,9.600000381,10.19999981
40448,11,9.300000191,11
40576,9.5,8.300000191,9.300000191
40704,11.10000038,9.199999809,10.39999962
40832,10,11.10000038,12.60000038
40960,8.600000381,10.89999962,10.60000038
41088,9.100000381,9.899999619,8.899999619
41216,8.600000381,8.800000191,9.699999809
41344,7.699999809,8.5,10.10000038
41472,7.5,8.800000191,9.5
41600,7.5,8.399999619,11.69999981
41728,7.5,8.100000381,12.89999962
41856,8.300000191,9.199999809,9.5
41984,8.699999809,9.300000191,10.30000019
42112,9.800000191,9.5,12.39999962
42240,10.5,10.19999981,11.10000038
42368,9.199999809,9.899999619,11.30000019
42496,8.800000191,8.399999619,12.5
42624,8.199999809,7,11.60000038
42752,9.199999809,7.900000095,11.5
42880,7.199999809,8.600000381,11.60000038
43008,8.800000191,8.399999619,11.10000038
43136,9.5,8.699999809,9.699999809
43264,8.300000191,8.600000381,10.39999962
43392,9.100000381,9,9.600000381
43520,6.900000095,8.600000381,10.19999981
43648,7.400000095,8.899999619,10.60000038
43776,10.10000038,9.399999619,10.39999962
43904,11.19999981,9.899999619,9.600000381
44032,11.19999981,9.800000191,10.19999981
44160,9.699999809,9.899999619,11.5
44288,9.399999619,9.800000191,12.30000019
44416,9.300000191,8.199999809,14.10000038
44544,11.60000038,8.800000191,14.10000038
44672,11.60000038,8.100000381,13.80000019
44800,10.10000038,8.5,12.5
44928,9.699999809,8.699999809,11.39999962
45056,10.30000019,9.699999809,11.5
45184,10,9.5,11.19999981
45312,9.600000381,8.399999619,12.10000038
45440,9.399999619,8,11
45568,12.30000019,8.5,10.5
45696,13.39999962,11.10000038,12.39999962
45824,11.19999981,11.10000038,11.60000038
45952,10.89999962,9.5,11.89999962
46080,10.89999962,9.300000191,11.69999981
46208,8.899999619,8.600000381,10.10000038
46336,6.900000095,8.699999809,11
46464,8.300000191,9.899999619,11.69999981
46592,7.400000095,8.699999809,11.5
46720,7.400000095,7.800000191,9.800000191
46848,8.5,8.600000381,9.100000381
46976,8.300000191,10,9.899999619
47104,8.899999619,10.60000038,10.39999962
47232,10.60000038,11.39999962,10.10000038
47360,9.300000191,10.69999981,10.80000019
47488,8.600000381,10.39999962,11.30000019
47616,8.699999809,10.69999981,12.69999981
47744,9.399999619,9.800000191,11.80000019
47872,10.30000019,8.5,12.19999981
48000,11.19999981,9.399999619,14
48128,12,9.300000191,13.5
48256,11.10000038,8.100000381,11.10000038
48384,8.399999619,8.5,8.800000191
48512,8.5,8.600000381,10.10000038
48640,9.699999809,7.800000191,12.69999981
48768,8.600000381,8.600000381,12.89999962
48896,7,10.19999981,14.30000019
49024,7.199999809,8.600000381,13.89999962
49152,8.899999619,9.399999619,10.89999962
49280,9.899999619,9,11.30000019
49408,10.39999962,10.10000038,12.69999981
49536,10.89999962,10.30000019,11.39999962
49664,11,11.10000038,10.60000038
49792,8.100000381,12.19999981,10.80000019
49920,7.400000095,11.80000019,12.10000038
50048,8.699999809,9.800000191,13.30000019
50176,10.5,8.600000381,12.5
50304,10.89999962,8.300000191,11.39999962
50432,10.80000019,8.5,11.19999981
50560,10.30000019,8.699999809,11
50688,11.80000019,8.199999809,11.89999962
50816,10.80000019,7.400000095,12.80000019
50944,10.89999962,10.30000019,11.69999981
51072,10,9.100000381,12.39999962
51200,9,9,12.69999981
51328,10,10.89999962,12.39999962
51456,9.800000191,10.60000038,11.5
51584,9.600000381,8.399999619,11.30000019
51712,10.39999962,9,11.5
51840,9.199999809,10.10000038,11.69999981
51968,10.39999962,10.5,11.69999981
52096,10.89999962,11.69999981,13.30000019
52224,10.80000019,10.30000019,14
52352,11.5,9,14.80000019
52480,10.10000038,8,13.5
52608,8.199999809,9.800000191,13.30000019
52736,9,9.800000191,13.60000038
52864,10,9.899999619,13.39999962
52992,8.600000381,10.89999962,13.5
53120,7.300000191,9.899999619,13
53248,8.5,10.69999981,11.30000019
53376,9.5,11.30000019,14.10000038
53504,10.10000038,9.5,14.39999962
53632,8.699999809,8.5,13.60000038
53760,9.199999809,8.600000381,12.10000038
53888,9,9.199999809,13.80000019
54016,9.199999809,8.699999809,14.10000038
54144,10.39999962,10.19999981,14.30000019
54272,9.300000191,9.5,12.5
54400,9.399999619,9.699999809,13.69999981
54528,9.300000191,9.399999619,13.30000019
54656,10.30000019,9.300000191,13.30000019
54784,12.10000038,9.699999809,14.69999981
54912,11.89999962,10.10000038,12.30000019
55040,11.89999962,9.199999809,12.5
55168,11.60000038,8.300000191,12.69999981
55296,8.300000191,8.5,14.30000019
55424,9.199999809,8.800000191,15.10000038
55552,10.19999981,9.5,14.80000019
55680,9.100000381,9.899999619,12.80000019
55808,9,11,14.80000019
55936,9.699999809,11.10000038,14.10000038
56064,7.800000191,8.899999619,14.30000019
56192,9,7.699999809,12.69999981
56320,10.39999962,8.199999809,10.89999962
56448,8.699999809,8.800000191,12.80000019
56576,9.5,9.600000381,13.80000019
56704,10.19999981,11.10000038,11.89999962
56832,11,9.899999619,13.30000019
56960,10.69999981,10.10000038,14.19999981
57088,10.80000019,9.5,13
57216,11.10000038,8.300000191,11.69999981
57344,10.5,10.19999981,10.80000019
57472,10.60000038,11.10000038,11.19999981
57600,8.600000381,9.899999619,11.80000019
57728,7.300000191,10.5,14.69999981
57856,8.5,12.60000038,15.60000038
57984,9.5,13.80000019,12.5
58112,7.5,12.19999981,11.5
58240,10.30000019,10.80000019,13
58368,10.39999962,11.69999981,12.89999962
58496,7.699999809,11,14.80000019
58624,8.600000381,11.80000019,13.69999981
58752,7.900000095,10.60000038,12.69999981
58880,8,8.899999619,16.89999962
59008,9.100000381,11.5,16.10000038
59136,12.10000038,12.10000038,14.5
59264,11.10000038,12,13.80000019
59392,9.800000191,11,13.60000038
59520,9.600000381,10.10000038,14.19999981
59648,10.69999981,9.5,14.89999962
59776,8.699999809,9.699999809,14.80000019
59904,6.800000191,9.399999619,13.69999981
60032,7,9.699999809,14.69999981
60160,8,9.5,13.39999962
60288,7.199999809,10.39999962,13.30000019
60416,8.5,9.800000191,13.10000038
60544,7.900000095,9.600000381,14.39999962
60672,9.100000381,11.10000038,16.5
60800,8.199999809,11.69999981,15.10000038
60928,7.699999809,13.19999981,14.19999981
61056,7.599999905,13.19999981,14
61184,6.5,12.39999962,11.69999981
61312,7.5,9,13.10000038
61440,9.100000381,7,15.30000019
61568,10.10000038,7.900000095,13
61696,11.19999981,10.30000019,12.89999962
61824,9.399999619,9.600000381,14.80000019
61952,9.600000381,9.600000381,15.10000038
62080,10.5,9.600000381,14.30000019
62208,8.300000191,10.19999981,14.89999962
62336,9,10.30000019,16.60000038
62464,8.800000191,10.69999981,14
62592,9.300000191,9.899999619,11.60000038
62720,7.699999809,9.199999809,11.10000038
62848,6.800000191,8.899999619,13.89999962
62976,8.5,10.5,15.5
63104,7.800000191,11.19999981,15
63232,7.599999905,12.10000038,12.39999962
63360,8.899999619,11.69999981,11.69999981
63488,9.300000191,10,11.30000019
63616,8.300000191,9.600000381,12.39999962
63744,8.399999619,11.39999962,15.5
63872,8.699999809,10.19999981,17.10000038
64000,9.600000381,9.800000191,16
64128,9.5,10,15.89999962
64256,9.100000381,11.89999962,14.89999962
64384,9.899999619,11.89999962,13.80000019
64512,8.5,11,11.39999962
64640,7.400000095,9.5,10.69999981
64768,7.699999809,8.199999809,14.69999981
64896,7.5,9.5,14
65024,7.300000191,11.5,12.5
65152,8.399999619,12.60000038,12.69999981
65280,9.199999809,12.5,15.69999981
65408,9.399999619,10.89999962,16.10000038
65536,8.699999809,8.899999619,14.60000038
65664,8.600000381,8.100000381,16.39999962
65792,11.10000038,9.600000381,18
65920,10.39999962,10.69999981,16.89999962
66048,9.600000381,11.5,15.5
66176,10.30000019,9.699999809,13.80000019
66304,11,8.899999619,13.89999962
66432,11,10.39999962,15.10000038
66560,10.89999962,11.5,12.89999962
66688,10.30000019,11.5,13.80000019
66816,10,9.800000191,16.39999962
66944,10.80000019,10.30000019,16
67072,9.699999809,9.800000191,16.79999924
67200,9.5,9.100000381,16
67328,9.5,9.399999619,16.70000076
67456,8.600000381,9.5,15.80000019
67584,9.100000381,8.399999619,14.19999981
67712,10.39999962,10.30000019,14.89999962
67840,9.300000191,10.30000019,14.89999962
67968,9.600000381,7.199999809,12.80000019
68096,9.399999619,8.199999809,13
68224,8.300000191,10.10000038,16.10000038
68352,9.899999619,11,16.10000038
68480,12,11.30000019,15.80000019
68608,11.5,11.5,15.5
68736,10.19999981,11.39999962,16.20000076
68864,9.300000191,10.5,16.10000038
68992,8.199999809,10.80000019,15.69999981
69120,8.699999809,11.5,13.30000019
69248,10.19999981,10.69999981,13.19999981
69376,11.5,10.39999962,12.30000019
69504,11,10.60000038,12.69999981
69632,10.10000038,10.69999981,15.69999981
69760,10.89999962,10.89999962,17.79999924
69888,10.5,10.19999981,15.19999981
70016,7.400000095,9.199999809,12.39999962
70144,6.599999905,10.39999962,13.10000038
70272,9.5,10.5,13.30000019
70400,10.5,10.19999981,14.60000038
70528,11,10.89999962,14.19999981
70656,9.600000381,10.80000019,12.69999981
70784,10.39999962,11.10000038,11.39999962
70912,8.800000191,10.69999981,14.69999981
71040,8.300000191,11.30000019,16.89999962
71168,7.800000191,9.399999619,14.89999962
71296,8.199999809,9,14.60000038
71424,7.800000191,11,14.10000038
71552,8.300000191,12.19999981,13.39999962
71680,9,12.69999981,13.69999981
71808,9.600000381,10.60000038,13.10000038
71936,9.399999619,9.600000381,14.89999962
72064,11.80000019,9.300000191,12.5
72192,12.30000019,10.69999981,12.5
72320,9.199999809,10.19999981,14.69999981
72448,8.100000381,10.60000038,14
72576,9.699999809,11.5,13.5
72704,10.5,11.19999981,13.39999962
72832,12,12.19999981,15.19999981
72960,10.19999981,11.30000019,15.30000019
73088,8.600000381,10.10000038,13.39999962
73216,9.600000381,10.19999981,13.10000038
73344,11.10000038,11.30000019,13.69999981
73472,14.69999981,11.5,14.10000038
73600,13.80000019,11,14.80000019
73728,10.19999981,9.5,12.80000019
73856,10.5,10.10000038,13.19999981
73984,9.600000381,10,14.19999981
74112,8.699999809,8.100000381,13.80000019
74240,9.699999809,7.599999905,16.39999962
74368,10.10000038,9.199999809,15.30000019
74496,9.699999809,9.300000191,12.69999981
74624,9.5,10.60000038,12.10000038
74752,9.5,10.89999962,13.89999962
74880,8.100000381,10.89999962,15.89999962
75008,9.300000191,10.60000038,12.10000038
75136,8,10.10000038,13
75264,9.899999619,10.39999962,15.80000019
75392,11.60000038,9.800000191,16.10000038
75520,10.10000038,10.60000038,14.39999962
75648,8.600000381,11.30000019,12.80000019
75776,7.400000095,12.19999981,13.89999962
75904,9.300000191,12,14.89999962
76032,9.300000191,12.19999981,13.10000038
76160,9.100000381,11.10000038,12.60000038
76288,10.10000038,10.5,15.80000019
76416,11.19999981,11.19999981,16.89999962
76544,9.399999619,9.300000191,14.5
76672,8.800000191,8.5,14.10000038
76800,9.899999619,9.899999619,14.89999962
76928,10.80000019,11.30000019,15.39999962
77056,8.899999619,10.89999962,16.29999924
77184,9.199999809,10.39999962,16.5
77312,8.199999809,11.19999981,15.60000038
77440,7.900000095,13.69999981,14.60000038
77568,9.899999619,11.60000038,16.60000038
77696,11.10000038,11,16.39999962
77824,11.60000038,11.39999962,16.79999924
77952,10.30000019,11.60000038,15.89999962
78080,11.39999962,11.69999981,15.39999962
78208,11.69999981,10.89999962,16.60000038
78336,13.39999962,11.69999981,14.89999962
78464,12.19999981,12.30000019,12.60000038
78592,10.10000038,12.69999981,12.89999962
78720,8.899999619,12.5,14.10000038
78848,9.5,12.69999981,14.39999962
78976,10.10000038,11.5,15.19999981
79104,11.19999981,10.80000019,13.89999962
79232,12,11.89999962,15.39999962
79360,9.899999619,12.19999981,16.20000076
79488,10.10000038,12,12.10000038
79616,8.5,11.89999962,12.5
79744,8.699999809,9.899999619,15
79872,10.80000019,8.800000191,15.5
80000,12.10000038,10.39999962,13.19999981
80128,10.39999962,13,12.19999981
80256,10.5,14.39999962,14.89999962
80384,11.19999981,14.69999981,15.10000038
80512,11.60000038,12.10000038,15.39999962
80640,11.10000038,10.5,15.10000038
80768,9.399999619,11.89999962,13.5
80896,7.800000191,13.10000038,13.10000038
81024,9.699999809,13,12.5
81152,12.10000038,12.60000038,13
81280,12.19999981,11.19999981,12.60000038
81408,11.30000019,11.19999981,11.19999981
81536,11.39999962,12.19999981,13.80000019
81664,8.899999619,12.60000038,14.10000038
81792,7.900000095,12.69999981,15.30000019
81920,8.300000191,13.60000038,16.20000076
82048,10.5,14.19999981,13.5
82176,12.19999981,13.30000019,14.69999981
82304,8.399999619,12.19999981,16.39999962
82432,7,11.69999981,16.29999924
82560,8.5,11.30000019,15.60000038
82688,7.400000095,12.60000038,16.10000038
82816,9.100000381,12.10000038,16.60000038
82944,11.60000038,12.39999962,16.10000038
83072,13.39999962,11.10000038,18.10000038
83200,11.39999962,10.69999981,15.69999981
83328,11.19999981,11.10000038,12.69999981
83456,10.69999981,12.39999962,16.39999962
83584,11.10000038,11.89999962,17.60000038
83712,13.10000038,13.69999981,13.39999962
83840,12.39999962,13.69999981,12
83968,10,12.5,16
84096,10.80000019,14,17.39999962
84224,9.800000191,15.39999962,14
84352,9.199999809,11.69999981,14.69999981
84480,9.600000381,11.60000038,15.30000019
84608,9,11.30000019,14.10000038
84736,9.399999619,11.30000019,13.10000038
84864,10.5,12.60000038,14.10000038
84992,11.19999981,12.89999962,15.69999981
85120,12.69999981,13.10000038,15.80000019
85248,12.39999962,11.80000019,13.60000038
85376,10.5,10.69999981,14.39999962
85504,8.699999809,11.39999962,15.80000019
85632,10.60000038,13.10000038,15.39999962
85760,10.19999981,12.89999962,14.69999981
85888,7.5,14.5,14.60000038
86016,9.100000381,14.5,15.19999981
86144,10.69999981,12.69999981,11.30000019
86272,10.5,9.5,11.30000019
86400,9.399999619,9.100000381,12.30000019
86528,9.699999809,11.69999981,14.5
86656,8.100000381,10.89999962,14.69999981
86784,8.800000191,10,14.89999962
86912,10.19999981,11.5,13.89999962
87040,11,12.10000038,14.39999962
87168,12.19999981,13.10000038,13.80000019
87296,11.19999981,13.69999981,12.39999962
87424,12,12.39999962,12.5
87552,13.10000038,12.30000019,11.69999981
87680,11.69999981,11.69999981,14.10000038
87808,11,11.39999962,17.29999924
87936,12.30000019,10.5,14.5
88064,11.39999962,10.10000038,12.5
88192,10.60000038,11.39999962,13.69999981
88320,11,13.19999981,13.39999962
88448,8.899999619,12.80000019,14.80000019
88576,9,11.39999962,15.69999981
88704,6.800000191,12.39999962,15.5
88832,8.100000381,13.89999962,12.60000038
88960,9.600000381,11.60000038,11.89999962
89088,9.899999619,10.60000038,11.19999981
89216,9.100000381,11.69999981,11.69999981
89344,3.299999952,11.10000038,12.89999962
89472,7.5,10.60000038,12.39999962
89600,9.199999809,9.399999619,12.5
89728,8.399999619,9.600000381,12.60000038
89856,7.400000095,11.39999962,10.60000038
89984,8.100000381,10.5,11.80000019
90112,8.300000191,13.60000038,11.30000019
90240,8.5,11.60000038,13
90368,11.69999981,12.19999981,13.60000038
90496,13.10000038,12.89999962,12.10000038
90624,10.5,15.10000038,11.30000019
90752,9.800000191,13.5,13.10000038
90880,9,11.30000019,14.39999962
91008,7.199999809,10.89999962,14.89999962
91136,7.300000191,11.5,15.5
91264,9.600000381,10.89999962,14.39999962
91392,9.600000381,11.69999981,12.89999962
91520,9.899999619,11.80000019,12.19999981
91648,11.89999962,13.30000019,13.80000019
91776,10.30000019,14.69999981,12.80000019
91904,9.300000191,16,12.89999962
92032,9.199999809,14.30000019,12.80000019
92160,9,13.69999981,15.39999962
92288,10.19999981,12.10000038,14
92416,10.80000019,12.30000019,13.39999962
92544,8.100000381,13.10000038,12.60000038
92672,6.099999905,9.800000191,13
92800,6.800000191,10.5,13.19999981
92928,8.100000381,7.5,11.10000038
93056,7.5,7.599999905,9.899999619
93184,6.900000095,10.19999981,13.19999981
93312,8.300000191,9.399999619,16.20000076
93440,9.100000381,11.69999981,13.19999981
93568,6.699999809,10.39999962,11
93696,8.199999809,11.60000038,11.5
93824,7.699999809,10,12.5
93952,5.599999905,10.89999962,13.5
94080,4.900000095,10.69999981,12.5
94208,5.699999809,10.19999981,10
94336,7.300000191,10,10.19999981
94464,8.5,10.19999981,12
94592,6.300000191,11.39999962,14.10000038
94720,7.800000191,11.69999981,10.39999962
94848,11.89999962,13.10000038,9.199999809
94976,11.19999981,13.19999981,9.5
95104,8.899999619,10.30000019,9.399999619
95232,8.300000191,9.300000191,11.19999981
95360,7.800000191,12,10.10000038
95488,8,10.10000038,10
95616,7.599999905,9.5,13.89999962
95744,9.600000381,9.5,15.89999962
95872,9.199999809,10.10000038,14
96000,8.5,10.69999981,13.19999981
96128,6.599999905,11.5,12.60000038
96256,6.800000191,11.19999981,14.19999981
96384,9.5,11,11.89999962
96512,7.199999809,10.39999962,10.39999962
96640,6.800000191,9.300000191,12.60000038
96768,7.5,8.399999619,10.5
96896,8,12.60000038,9.899999619
97024,10.60000038,15.69999981,9.800000191
97152,10.30000019,13.69999981,9.899999619
97280,8.100000381,13.5,9.600000381
97408,7.800000191,11.30000019,11.19999981
97536,7.900000095,9.399999619,13.80000019
97664,7.400000095,10.80000019,15.60000038
97792,8.399999619,11.39999962,11.80000019
97920,7.400000095,11.10000038,9.899999619
98048,5.300000191,11.30000019,11.19999981
98176,5.800000191,12.89999962,11.89999962
98304,6.400000095,12.89999962,10.89999962
98432,7.199999809,11.89999962,11.10000038
98560,7.400000095,10.19999981,13.30000019
98688,8.199999809,9.699999809,14.30000019
98816,8,9.5,13.39999962
98944,6.099999905,14.60000038,11.60000038
99072,5,15,11.5
99200,6.5,12.39999962,11.10000038
99328,6,11.39999962,11.80000019
99456,5.5,11.69999981,12.10000038
99584,6.699999809,11.19999981,11.10000038
99712,7.599999905,9.600000381,9.699999809
99840,8.399999619,8.300000191,11.5
99968,7.099999905,8.899999619,11.60000038
100096,7.800000191,12,11.60000038
100224,10.10000038,16.79999924,9.300000191
100352,9.100000381,14.10000038,9.5
100480,8.800000191,11,10.80000019
100608,9.899999619,9.800000191,10.19999981
100736,8.199999809,11.10000038,11.19999981
100864,6,11.69999981,9.800000191
100992,6,10.89999962,9.600000381
101120,7.5,12.19999981,9.199999809
101248,8.899999619,13.69999981,9.699999809
101376,8.399999619,12.60000038,11.39999962
101504,9.899999619,11,10.19999981
101632,9.399999619,13.39999962,8
101760,9.800000191,12.89999962,8.600000381
101888,7.800000191,13,10
102016,8,13.5,11
102144,7.699999809,11.80000019,11.80000019
102272,7,11.39999962,9.699999809
102400,7.5,13.69999981,10.10000038
102528,6.5,14.80000019,11.89999962
102656,5.5,14.19999981,9.100000381
102784,4.300000191,13.80000019,7.599999905
102912,6,13.60000038,7.900000095
103040,7.199999809,11.10000038,8.399999619
103168,8.5,8.5,8.699999809
103296,9.800000191,11,10.19999981
103424,10.19999981,13,11.30000019
103552,8.399999619,13.69999981,11.60000038
103680,6.900000095,15.10000038,12
103808,7.800000191,11.39999962,13.19999981
103936,7.900000095,9.800000191,12.89999962
104064,8.100000381,13.39999962,11.39999962
104192,9.5,11.69999981,12.69999981
104320,8.800000191,12.39999962,12.80000019
104448,7.699999809,12.69999981,11.80000019
104576,8.100000381,11.30000019,10.60000038
104704,8.699999809,11.30000019,9.5
104832,8,10.10000038,11.80000019
104960,7,10.60000038,11.30000019
105088,7.099999905,12.69999981,8.800000191
105216,8.399999619,12,10.10000038
105344,9.899999619,10.19999981,11.30000019
105472,10.5,11.30000019,10.30000019
105600,9.600000381,12.19999981,9.399999619
105728,7.800000191,12.19999981,10.60000038
105856,6.5,13.39999962,8
105984,8.100000381,12.19999981,9.100000381
106112,8.899999619,10.30000019,9.399999619
106240,7.900000095,12.89999962,6.699999809
106368,7.199999809,13.5,5.800000191
106496,4.900000095,10.80000019,7.400000095
106624,6.099999905,12.80000019,7.5
106752,6.300000191,11.30000019,8.100000381
106880,8,8.899999619,7.800000191
107008,6.300000191,12.60000038,9.899999619
107136,7.5,14.10000038,10
107264,7.300000191,11.60000038,8.600000381
107392,6.199999809,9.699999809,11.39999962
107520,4.400000095,10.89999962,12.89999962
107648,6.099999905,10.5,10
107776,7.599999905,10.80000019,11
107904,8.300000191,11.39999962,13.80000019
108032,7.900000095,12.89999962,12.10000038
108160,8.199999809,13.19999981,9.600000381
108288,7.199999809,12.19999981,10.69999981
108416,6.5,13.5,10.60000038
108544,6.199999809,13.89999962,13.10000038
108672,6.599999905,15.19999981,11.69999981
108800,7.599999905,13.69999981,7.199999809
108928,7.400000095,12.69999981,8.5
109056,8.899999619,13,10.60000038
109184,8.800000191,12.10000038,11.5
109312,7.900000095,10.60000038,9.899999619
109440,8.199999809,11.39999962,7.800000191
109568,7.800000191,12.30000019,9.800000191
109696,7.800000191,14.39999962,9.600000381
109824,7.199999809,15.5,9.5
109952,8.300000191,15.60000038,10.5
110080,8.800000191,12.89999962,9.800000191
110208,7.400000095,13.39999962,11.89999962
110336,8.5,14.89999962,13
110464,8.5,13.5,9.300000191
110592,6.300000191,13.5,7.900000095
110720,4.400000095,14.80000019,9.899999619
110848,5.900000095,14,10.19999981
110976,6.199999809,13.89999962,12
111104,7.5,15.60000038,11.30000019
111232,7.199999809,14.69999981,9.199999809
111360,8.5,14.5,8.399999619
111488,8.800000191,15.39999962,8.600000381
111616,10.10000038,15.89999962,10.19999981
111744,10,15.69999981,10.60000038
111872,9.899999619,15.5,10.80000019
112000,8.5,12.89999962,12
112128,8.399999619,10.19999981,10.89999962
112256,7.699999809,12.19999981,11.80000019
112384,6.300000191,13.69999981,11.60000038
112512,5.900000095,11.5,10.5
112640,6.800000191,13.60000038,11
112768,6.800000191,14.89999962,13
112896,6.699999809,12.60000038,10.39999962
113024,7,12.89999962,9.600000381
113152,7.199999809,10.5,10.10000038
113280,6.099999905,10.60000038,10.39999962
113408,6.800000191,11.89999962,11.89999962
113536,8.600000381,13.69999981,11.5
113664,9.899999619,14.39999962,13.39999962
113792,9.100000381,13.69999981,12.10000038
113920,9,11.19999981,12.5
114048,6.900000095,12.89999962,14.10000038
114176,5.900000095,13.30000019,13.5
114304,7.300000191,14,12.5
114432,8.100000381,14.10000038,9.600000381
114560,8.5,14,7.5
114688,8.600000381,12.69999981,6.300000191
114816,7.400000095,13.30000019,9.800000191
114944,7.5,13.19999981,9.199999809
115072,7.099999905,13,7.900000095
115200,7.800000191,13.39999962,10.19999981
115328,8.399999619,10.80000019,13.80000019
115456,7.099999905,11.89999962,12.80000019
115584,7.400000095,13,10.5
115712,7.599999905,12.80000019,10.80000019
115840,7.400000095,12.69999981,10.80000019
115968,6.300000191,12.80000019,10.10000038
116096,7,12.60000038,11.19999981
116224,6.900000095,13.39999962,11.89999962
116352,5.300000191,12.19999981,10.89999962
116480,6.199999809,13.60000038,9.5
116608,8.199999809,14,8.800000191
116736,8.100000381,11.80000019,8.100000381
116864,7.900000095,12.69999981,9.100000381
116992,6.800000191,14.80000019,9.5
117120,6.099999905,14.80000019,11.30000019
117248,5.400000095,12.69999981,12.19999981
117376,4.699999809,13.19999981,12.80000019
117504,6.699999809,15.60000038,11.30000019
117632,7.800000191,14.19999981,9.600000381
117760,8.699999809,11.69999981,11
117888,7.5,10.19999981,11.19999981
118016,4.099999905,12.10000038,9.899999619
118144,4.099999905,12.30000019,8
118272,7,9.899999619,8.199999809
118400,8.300000191,11.5,9.800000191
118528,9,13.5,9.600000381
118656,8.899999619,13.89999962,9.5
118784,7.5,14.39999962,9.699999809
118912,8,15.5,8.699999809
119040,6.900000095,15,8.199999809
119168,6.699999809,11.5,9.100000381
119296,7.599999905,10.19999981,9.5
119424,10,13.19999981,9.600000381
119552,10.10000038,10.5,10.30000019
119680,8.5,11.80000019,11.80000019
119808,7.400000095,12.30000019,12.19999981
119936,7.300000191,14,11.60000038
120064,7.099999905,16.5,12
120192,7.300000191,15.10000038,11.30000019
120320,7.199999809,12.10000038,10.19999981
120448,6.699999809,12,10
120576,7.300000191,13.80000019,10.80000019
120704,8.800000191,12.60000038,11.60000038
120832,8.899999619,11.89999962,11
120960,7.699999809,11.89999962,10.39999962
121088,6.300000191,9.600000381,9.899999619
121216,6.400000095,11,10.5
121344,6.699999809,12.39999962,11
121472,6.199999809,11.69999981,13.30000019
121600,6.199999809,11.39999962,12
121728,7.5,11.60000038,10.5
121856,5.599999905,12.39999962,8.100000381
121984,6.900000095,11.5,9.399999619
122112,9,11.89999962,11.39999962
122240,9.699999809,13.39999962,9.899999619
122368,8.899999619,14.80000019,9.699999809
122496,7.5,13.39999962,11.60000038
122624,7.300000191,14.80000019,12
122752,7.699999809,12.39999962,11.19999981
122880,9.199999809,10.10000038,12.5
123008,9.300000191,10.10000038,13.5
123136,8.699999809,12.5,13.19999981
123264,7.099999905,13,12.19999981
123392,6.400000095,12.39999962,10.39999962
123520,6.400000095,13.60000038,9.199999809
123648,7.699999809,13.60000038,10.10000038
123776,9.100000381,11.80000019,9.199999809
123904,7.900000095,12.39999962,10.5
124032,6.5,12.10000038,10.39999962
124160,5.800000191,13,9.199999809
124288,6.099999905,12.60000038,6.800000191
124416,7.099999905,12.19999981,9.5
124544,6,12.69999981,14.19999981
124672,5.300000191,13.60000038,11.89999962
124800,5.099999905,11.80000019,11.39999962
124928,6.300000191,11,13.19999981
125056,6.199999809,11.60000038,11.89999962
125184,7.300000191,10.80000019,11.89999962
125312,7.599999905,11.39999962,11.10000038
125440,8.199999809,10.30000019,11
125568,7.300000191,10.19999981,9
125696,7.300000191,11,8.899999619
125824,7.5,13,9.300000191
125952,6,13.30000019,11.69999981
126080,5.900000095,9.300000191,11.69999981
126208,7,8.399999619,10.80000019
126336,8,11.30000019,10.89999962
126464,7.699999809,12.19999981,10.60000038
126592,6.5,12.19999981,10.10000038
126720,5.900000095,10.69999981,12.30000019
126848,7.5,10.10000038,11.39999962
126976,7.400000095,7.400000095,11.39999962
127104,6.800000191,8.899999619,8.699999809
127232,7.099999905,10.10000038,8
127360,5.300000191,10.69999981,8.899999619
127488,6.599999905,11.39999962,10.60000038
127616,7.599999905,11.69999981,10.39999962
127744,7.5,11.39999962,8.600000381
127872,6.699999809,9.100000381,9.600000381
128000,6.199999809,10.69999981,7.599999905
128128,7.699999809,11.69999981,8.399999619
128256,7.400000095,12.19999981,11.60000038
128384,7,11.10000038,9.899999619
128512,6.099999905,11.10000038,9.699999809
128640,6.900000095,10.39999962,9.5
128768,7.400000095,11.39999962,10.60000038
128896,7.300000191,13.30000019,11.5
129024,6.800000191,13.89999962,11
129152,7.900000095,12.5,11.39999962
129280,6.5,12.30000019,11.89999962
129408,6.099999905,12.39999962,12.39999962
129536,7.099999905,12.60000038,11
129664,6.5,11.5,10.69999981
129792,7.900000095,12.60000038,10
129920,8,11.30000019,12.5
130048,8,12.39999962,13
130176,7.900000095,10.69999981,11.60000038
130304,8,10.39999962,11.10000038
130432,7.900000095,9.600000381,10.60000038
130560,8.300000191,13.30000019,11.60000038
130688,7.400000095,14.39999962,12.39999962
130816,6.699999809,12.69999981,11.69999981
130944,6.699999809,11.89999962,10.60000038
131072,7.699999809,11.10000038,11.80000019
131200,7.800000191,12.69999981,10.19999981
131328,7.400000095,12.60000038,10.60000038
131456,7.199999809,10.80000019,9.600000381
131584,7.300000191,9.399999619,9.899999619
131712,7.400000095,10.10000038,10
131840,7.400000095,13,9.800000191
131968,7,12,9.5
132096,7.800000191,12,9.5
132224,7.800000191,12.80000019,11
132352,7.099999905,10.5,12.39999962
132480,5.900000095,8.5,12.30000019
132608,6.800000191,9.699999809,12.5
132736,5.900000095,12.39999962,11.60000038
132864,6.400000095,11.89999962,10.80000019
132992,5.699999809,9.300000191,10.80000019
133120,7,11.89999962,13.69999981
133248,6.900000095,11.89999962,15
133376,6.800000191,9.699999809,12.69999981
133504,7.5,8.899999619,10
133632,6,12.69999981,9.899999619
133760,6.099999905,12.39999962,11.89999962
133888,7.099999905,12.10000038,11.80000019
134016,7.099999905,12.89999962,11.80000019
134144,7.300000191,13.5,11.69999981
134272,6.900000095,12.30000019,11.39999962
134400,6.800000191,12.89999962,13.10000038
134528,6.400000095,14.19999981,12.80000019
134656,7.800000191,15.30000019,12.10000038
134784,8.100000381,12.10000038,11.39999962
134912,7.599999905,7.599999905,11.80000019
135040,5.800000191,8.699999809,9.100000381
135168,6,9.100000381,8.300000191
135296,6.5,11.10000038,8.600000381
135424,7.300000191,14.89999962,9.300000191
135552,7.599999905,13.39999962,10.89999962
135680,7.400000095,13,10.39999962
135808,8,13.5,10.5
135936,7.300000191,11.69999981,12
136064,6.699999809,10.30000019,10.60000038
136192,8.5,14.10000038,11.60000038
136320,9.100000381,16.60000038,10
136448,8.800000191,15.80000019,11.30000019
136576,9.600000381,13,10.60000038
136704,8.800000191,12.5,11.89999962
136832,7.5,13.30000019,11.89999962
136960,8.399999619,10.5,8.899999619
137088,9.100000381,9.100000381,9.600000381
137216,8.300000191,8.899999619,13.89999962
137344,9,11.80000019,12.5
137472,5.599999905,13,10.30000019
137600,4.699999809,11.60000038,9.699999809
137728,5.400000095,10.39999962,9.100000381
137856,5,11.60000038,8.199999809
137984,4.099999905,13.39999962,8
138112,4.599999905,13.30000019,7.900000095
138240,6.699999809,13.10000038,8.399999619
138368,7.599999905,13.89999962,10.80000019
138496,6.099999905,13,11.30000019
138624,6.099999905,10.39999962,11.19999981
138752,6.300000191,10.10000038,10.89999962
138880,6.599999905,12.30000019,11.30000019
139008,5.400000095,14.80000019,10.39999962
139136,5.800000191,15.5,9.300000191
139264,6.400000095,14.60000038,11.10000038
139392,5.300000191,10.80000019,10.89999962
139520,6,9.100000381,8.300000191
139648,5.5,10.39999962,8.399999619
139776,6.400000095,12,10.30000019
139904,5,9.800000191,11.10000038
140032,6.800000191,10.89999962,10.39999962
140160,7.199999809,14,9.5
140288,6.900000095,10.39999962,8.699999809
140416,5.699999809,12.30000019,8.300000191
140544,5.599999905,14.69999981,9.5
140672,7.300000191,15,9.600000381
140800,8.399999619,13.10000038,9
140928,6.300000191,12.10000038,10
141056,4.599999905,11.39999962,10.30000019
141184,3.400000095,11.69999981,10.60000038
141312,4.099999905,12.5,9.5
141440,3.799999952,13.10000038,7.5
141568,6.199999809,10.10000038,8.199999809
141696,6.400000095,8.699999809,8.300000191
141824,6.599999905,10.39999962,10.39999962
141952,6.599999905,11.19999981,9.600000381
142080,5.199999809,11,9.300000191
142208,4.400000095,10.39999962,9.300000191
142336,6.300000191,11.30000019,7.800000191
142464,6.400000095,12.89999962,6.900000095
142592,6.099999905,13,7.599999905
142720,5,10.69999981,9.600000381
142848,6.300000191,11.80000019,10.89999962
142976,7.199999809,13.5,11.30000019
143104,8,11.89999962,11.30000019
143232,7.300000191,11.69999981,12.10000038
143360,6.199999809,11.69999981,12.30000019
143488,7,9.399999619,12.30000019
143616,7,8.899999619,13
143744,7.599999905,9.100000381,10.69999981
143872,7.099999905,9.600000381,8.800000191
144000,7.800000191,8.800000191,8.199999809
144128,7.400000095,10.39999962,9.699999809
144256,6,10.30000019,10.5
144384,5.599999905,10.89999962,9
144512,6.099999905,10.89999962,8.399999619
144640,7.300000191,10.39999962,9.800000191
144768,8.600000381,10.39999962,10.89999962
144896,9.199999809,12,10.60000038
145024,9.199999809,12.89999962,11
145152,7.699999809,10.10000038,9.699999809
145280,6.099999905,10.89999962,9.600000381
145408,6.599999905,11.80000019,10.30000019
145536,10.10000038,10.89999962,10.39999962
145664,10.60000038,12.69999981,10.80000019
145792,8.699999809,13.39999962,7.900000095
145920,7.599999905,11.5,8.699999809
146048,7.5,9.600000381,9
146176,8.100000381,9.100000381,9.699999809
146304,7.699999809,9.699999809,11
146432,7.800000191,11.39999962,11.60000038
146560,7.599999905,10.69999981,10
146688,7.400000095,10,10.30000019
146816,6.699999809,11.30000019,12.60000038
146944,6.800000191,10.69999981,11.89999962
147072,6.699999809,11.39999962,8.699999809
147200,6.900000095,12.10000038,8.399999619
147328,8.199999809,11.30000019,8.300000191
147456,8.399999619,11.5,7.800000191
147584,7.300000191,10.69999981,9.100000381
147712,6.300000191,9.800000191,11.89999962
147840,7.400000095,10.30000019,10.60000038
147968,8.399999619,10.80000019,9.100000381
148096,10.39999962,10,8.199999809
148224,11.39999962,9.600000381,8.699999809
148352,11.19999981,11.39999962,9.699999809
148480,10,12.5,8.5
148608,9.199999809,11.5,10
148736,9.5,12.10000038,10.10000038
148864,10.19999981,11.30000019,7.800000191
148992,9.600000381,10.60000038,7.699999809
149120,8.600000381,11.30000019,8.399999619
149248,8.699999809,11.30000019,8.800000191
149376,8.800000191,10,8
149504,8.899999619,10.30000019,9
149632,7.699999809,10.69999981,8.199999809
149760,8.5,12.5,7.699999809
149888,8.300000191,12.5,7.800000191
150016,9.600000381,12.69999981,8.199999809
150144,9.300000191,11.10000038,8.399999619
150272,10,9.600000381,8
150400,7.599999905,10.19999981,8.199999809
150528,7.099999905,9.699999809,7.199999809
150656,7.199999809,9.600000381,8.800000191
150784,9.5,12.60000038,8.600000381
150912,9.899999619,12.89999962,7
151040,9.300000191,14.19999981,8.199999809
151168,7.400000095,13.10000038,9.600000381
151296,8.199999809,14,11.19999981
151424,6.599999905,14.30000019,9.199999809
151552,7.099999905,11.60000038,8.699999809
151680,7.800000191,10.30000019,9.100000381
151808,7,11,10.19999981
151936,5.400000095,11.89999962,11.89999962
152064,7.199999809,12.69999981,10.5
152192,6.800000191,13,10.89999962
152320,8,10.89999962,10.5
152448,6.800000191,10.39999962,9.5
152576,5.699999809,11.60000038,9.199999809
152704,6.5,11.89999962,9.5
152832,8.899999619,13.10000038,10.30000019
152960,8.800000191,12.10000038,10.80000019
153088,6.900000095,10,11.80000019
153216,7.400000095,10.5,11.10000038
153344,8.399999619,11.30000019,9.699999809
153472,9,10.89999962,8.100000381
153600,7.900000095,11.60000038,8.5
153728,8.199999809,10.69999981,10.5
153856,8.300000191,11.30000019,10.5
153984,10.69999981,11,9.399999619
154112,11.19999981,10,8.800000191
154240,7.5,10.30000019,8.100000381
154368,6.699999809,10.5,8.600000381
154496,5.900000095,11.10000038,10.69999981
154624,4.699999809,10.5,11.69999981
154752,6.900000095,10.10000038,8.5
154880,8.399999619,10.5,7.699999809
155008,8,11.69999981,8.800000191
155136,8.399999619,10.69999981,10.10000038
155264,9.399999619,11.89999962,11.5
155392,10.19999981,12.5,12.80000019
155520,9.100000381,11.30000019,12
155648,9.899999619,11.39999962,10.5
155776,10.5,12.5,11.30000019
155904,11,12.60000038,9.199999809
156032,7.800000191,11.30000019,7.699999809
156160,6.900000095,10.39999962,8.399999619
156288,7.400000095,12.19999981,8.300000191
156416,8.199999809,13.69999981,8.300000191
156544,9.399999619,12.10000038,10.69999981
156672,9.100000381,11.5,12.10000038
156800,8.399999619,10.89999962,11.19999981
156928,6.099999905,12.10000038,11.5
157056,5.900000095,11.80000019,9.899999619
157184,7.800000191,12.39999962,8.399999619
157312,8.399999619,11.89999962,8.899999619
157440,8.800000191,11.60000038,8.199999809
157568,8.399999619,10.10000038,7.599999905
157696,9.699999809,9.600000381,7.300000191
157824,8.800000191,11.10000038,8.699999809
157952,5.599999905,10.69999981,11.39999962
158080,6.5,10.19999981,11.19999981
158208,7.5,10.19999981,11.5
158336,8,10.10000038,12.39999962
158464,7.199999809,10,11.5
158592,7.599999905,10.10000038,10.5
158720,6.300000191,10.80000019,10.39999962
158848,6.099999905,9.600000381,8.5
158976,6.599999905,10.10000038,9.199999809
159104,7.5,9.699999809,9.699999809
159232,9.399999619,10.19999981,10.60000038
159360,7.400000095,11.19999981,10.89999962
159488,7.400000095,12,12.5
159616,8.5,12.19999981,13.80000019
159744,9,10.10000038,12.10000038
159872,9.300000191,11,11.69999981
160000,9.399999619,10.5,11.5
160128,12.30000019,10.30000019,12.19999981
160256,10.69999981,9.699999809,9.600000381
160384,8.899999619,9.800000191,8.199999809
160512,8,9.600000381,8.899999619
160640,8.199999809,10.89999962,9.600000381
160768,9.800000191,10.89999962,10.30000019
160896,8.5,12.10000038,10.19999981
161024,10.69999981,12.19999981,11
161152,10.10000038,11.60000038,12.39999962
161280,11.60000038,11.89999962,11.10000038
161408,7.199999809,11.39999962,11.69999981
161536,5.599999905,11.69999981,11.30000019
161664,7.300000191,11.5,11.5
161792,8.5,8.600000381,12.5
161920,11.80000019,8,11.30000019
162048,8.5,9.699999809,11.39999962
162176,7.599999905,10.80000019,9.100000381
162304,8.399999619,11.39999962,8.300000191
162432,9.399999619,11.5,11.5
162560,9.5,10.89999962,10
162688,11.5,11.89999962,11.10000038
162816,12.39999962,11.89999962,11.80000019
162944,11.89999962,11.5,12.19999981
163072,8,10.69999981,9.800000191
163200,6.5,11.30000019,7.300000191
163328,8.899999619,10.89999962,9.5
163456,10.60000038,10.19999981,11
163584,9.899999619,9.399999619,9.899999619
163712,8.5,10,10.39999962
163840,9.600000381,10.5,11.39999962
163968,8.5,11.19999981,13
164096,8.699999809,11.89999962,10.89999962
164224,8.399999619,11.39999962,8.600000381
164352,8.899999619,11.10000038,8.100000381
164480,9.800000191,9.399999619,9.199999809
164608,9.5,9.199999809,9.300000191
164736,9.699999809,9.800000191,9.399999619
164864,8.899999619,10.69999981,8.800000191
164992,8.199999809,12.10000038,8.899999619
165120,6.400000095,10.19999981,9.300000191
165248,7.300000191,9.699999809,10.69999981
165376,8.800000191,10.19999981,11.69999981
165504,8.399999619,10.60000038,9.899999619
165632,9.5,9,7.599999905
165760,8.699999809,9,8.100000381
165888,9.100000381,9.300000191,10.19999981
166016,9.5,8.699999809,10
166144,8.600000381,8.600000381,10.60000038
166272,7.599999905,9.5,11.80000019
166400,7.900000095,10,11.60000038
166528,9.300000191,9.699999809,9.800000191
166656,9.100000381,9.5,10.5
166784,6.599999905,10,12
166912,7.199999809,10.60000038,10.60000038
167040,5.300000191,10.60000038,9.699999809
167168,4.699999809,11.30000019,8.300000191
167296,5.300000191,11.5,9.600000381
167424,6.699999809,10.39999962,10
167552,8.800000191,8.699999809,10.39999962
167680,8.5,9.199999809,11.89999962
167808,7.400000095,9,10.19999981
167936,8.300000191,9.899999619,11.5
168064,8,10.10000038,9.5
168192,8.399999619,11.10000038,7.599999905
168320,9.100000381,10.89999962,7.5
168448,8,10.80000019,7.5
168576,8.199999809,10.89999962,8
168704,8.199999809,11,9.199999809
168832,7.099999905,10.89999962,8.699999809
168960,6.300000191,11.69999981,8.899999619
169088,5.800000191,11,8.199999809
169216,7.699999809,10.80000019,8.300000191
169344,7.5,10.60000038,9.600000381
169472,8,11.19999981,8.899999619
169600,8.5,11,8.899999619
169728,8.800000191,11.5,8.800000191
169856,6.699999809,10,11
169984,4.300000191,11.39999962,11.5
170112,7.199999809,12.69999981,10.19999981
170240,10.69999981,12.39999962,9.300000191
170368,12.30000019,11.30000019,8.399999619
170496,9.899999619,11.5,7.5
170624,7.699999809,12,9.600000381
170752,6,10.89999962,9.800000191
170880,7.800000191,11.60000038,10.89999962
171008,6.800000191,12.30000019,11.19999981
171136,6.199999809,12,13.19999981
171264,5.400000095,12,11.69999981
171392,6.5,12.69999981,11
171520,8.100000381,11.60000038,9.800000191
171648,10.39999962,10,10.39999962
171776,9.699999809,10,10.89999962
171904,10.60000038,11.10000038,9.899999619
172032,10.5,11.30000019,9.899999619
172160,7.900000095,10.39999962,9.100000381
172288,8.399999619,9.100000381,7.5
172416,7.5,9.300000191,6.900000095
172544,7.199999809,9.100000381,8.300000191
172672,8.5,9.199999809,10.10000038
172800,8.699999809,9.800000191,9.399999619
172928,7.800000191,9,9.199999809
173056,6.5,10.30000019,11.19999981
173184,7.900000095,11.10000038,11.69999981
173312,6.199999809,10.89999962,11.89999962
173440,5.800000191,9.199999809,10.69999981
173568,6.800000191,9.899999619,9.399999619
173696,7.099999905,10.69999981,8.399999619
173824,7.400000095,10.19999981,7.400000095
173952,8.800000191,9.199999809,9.199999809
174080,10.5,8.100000381,9.600000381
174208,9.199999809,8.199999809,12.80000019
174336,7.800000191,9.199999809,12.60000038
174464,7.400000095,8.600000381,9.899999619
174592,10,9.899999619,9.600000381
174720,8.699999809,9.600000381,10.69999981
174848,9.100000381,8.699999809,8.899999619
174976,8.699999809,9.600000381,9.199999809
175104,8.699999809,10.39999962,11.19999981
175232,7.800000191,7.5,9.800000191
175360,6.900000095,8.300000191,9.600000381
175488,7.5,8.699999809,9
175616,8.399999619,10,11.69999981
175744,7.5,10.89999962,9.899999619
175872,6.599999905,10.89999962,10.69999981
176000,6.599999905,11.80000019,11.10000038
176128,7.099999905,11.19999981,8.5
176256,8.800000191,10.80000019,10.10000038
176384,10,10.5,10.60000038
176512,10.69999981,9.899999619,10.80000019
176640,9.699999809,10,11.69999981
176768,9.5,10.10000038,8.399999619
176896,9.199999809,8.899999619,8.899999619
177024,8.100000381,8.300000191,10.80000019
177152,7,10.10000038,9.800000191
177280,7.300000191,9.699999809,11.10000038
177408,8.5,9.100000381,10.80000019
177536,7.199999809,7.800000191,10.60000038
177664,8.600000381,8.800000191,10.69999981
177792,8.800000191,10,12.30000019
177920,9.100000381,9.899999619,12
178048,8.300000191,9.199999809,10.10000038
178176,9.300000191,8.600000381,12.19999981
178304,9.199999809,8.5,13.60000038
178432,7.800000191,9.399999619,11.10000038
178560,9.600000381,8.600000381,10.19999981
178688,9.199999809,7.099999905,10.30000019
178816,8.5,8.5,12.39999962
178944,8,9.699999809,11.10000038
179072,8.300000191,9.5,10.89999962
179200,10.89999962,10.19999981,11.69999981
179328,9.600000381,9.699999809,13
179456,8.600000381,9.5,14.10000038
179584,8.399999619,10.30000019,12
179712,8.199999809,10,11.69999981
179840,8.600000381,10.10000038,11
179968,7.400000095,9.399999619,11.30000019
180096,6.900000095,9.399999619,10.19999981
180224,7.400000095,9.100000381,10.30000019
180352,6.5,9.899999619,12.60000038
180480,7.199999809,11,11.89999962
180608,7.300000191,10.19999981,10.39999962
180736,9.100000381,9.600000381,9.300000191
180864,9.800000191,10.19999981,10.5
180992,7.300000191,10.5,11
181120,7.099999905,9.800000191,12.10000038
181248,8.5,10.89999962,12.19999981
181376,7.800000191,10.5,9.899999619
181504,7,9.199999809,8.199999809
181632,8.899999619,10.89999962,10.69999981
181760,9.600000381,11.89999962,12.39999962
181888,10.19999981,8.600000381,11.39999962
182016,9.199999809,8.5,9.600000381
182144,10.19999981,10.80000019,9.800000191
182272,9.100000381,12.19999981,9.100000381
182400,7.900000095,13.10000038,11
182528,7.199999809,12.19999981,11.80000019
182656,6.400000095,11.60000038,10.60000038
182784,6,11.5,8.199999809
182912,4.199999809,12.39999962,7.699999809
183040,5.199999809,12.60000038,8.800000191
183168,8.100000381,12,10.30000019
183296,11.39999962,11.39999962,9.800000191
183424,9,11.39999962,8.399999619
183552,6.5,13,10.60000038
183680,7.599999905,12.69999981,12.60000038
183808,6.5,10.30000019,12.10000038
183936,6.300000191,10.69999981,12.30000019
184064,5.199999809,11.10000038,10.89999962
184192,7.900000095,11.80000019,9.300000191
184320,9.899999619,12,10.89999962
184448,9,12.19999981,11
184576,8.300000191,12.80000019,11.39999962
184704,7.400000095,11.69999981,12
184832,8.199999809,10.69999981,11.30000019
184960,7.400000095,11.10000038,12.60000038
185088,6.900000095,11.39999962,11.80000019
185216,7.900000095,12.10000038,11.80000019
185344,8.800000191,12.10000038,11.5
185472,10.80000019,11.39999962,11.89999962
185600,10.69999981,11.10000038,13.39999962
185728,10,10.80000019,11.19999981
185856,9.399999619,9.5,10.10000038
185984,7.800000191,9.600000381,10.60000038
186112,7.800000191,10.60000038,9.300000191
186240,9.399999619,10.60000038,9
186368,9.899999619,10.39999962,11.10000038
186496,9.300000191,10.10000038,11.89999962
186624,7.400000095,11.69999981,11
186752,7.400000095,12.60000038,9.5
186880,8.800000191,12.89999962,10
187008,7.900000095,13.80000019,9.800000191
187136,8.600000381,13.39999962,9.899999619
187264,7.400000095,13.80000019,10
187392,8.100000381,13.5,9.800000191
187520,9.100000381,10,10.69999981
187648,11.19999981,10.10000038,10.19999981
187776,11.30000019,12.30000019,9.300000191
187904,9.899999619,12.30000019,6.699999809
188032,8.300000191,12,7
188160,8.399999619,13.60000038,8.800000191
188288,6.699999809,13.39999962,7.599999905
188416,7,13.39999962,6.699999809
188544,7.800000191,12.19999981,6.300000191
188672,6.5,13.60000038,8.5
188800,8.5,12.80000019,8.5
188928,8.199999809,12.5,9.199999809
189056,7.800000191,11.89999962,11.19999981
189184,11,12.39999962,11.10000038
189312,10.80000019,11.89999962,9.199999809
189440,9.100000381,11,10.19999981
189568,8.699999809,10.80000019,10.39999962
189696,8.199999809,12.69999981,12.10000038
189824,7.900000095,13.39999962,11.60000038
189952,5.800000191,12.80000019,11.30000019
190080,7.900000095,12.10000038,11
190208,6.5,12.60000038,11.5
190336,7.699999809,11.69999981,10.30000019
190464,9.100000381,12.60000038,10.10000038
190592,8.399999619,14.69999981,10.69999981
190720,11.10000038,13.80000019,10.5
190848,9.800000191,12.69999981,9.600000381
190976,9.699999809,12.80000019,10
191104,7,12.39999962,10.60000038
191232,8.199999809,12.19999981,10.10000038
191360,9.399999619,13.19999981,10.69999981
191488,8.300000191,12.39999962,11.30000019
191616,6.400000095,12.19999981,9.5
191744,6.199999809,13.30000019,8.600000381
191872,9.699999809,14.30000019,9.600000381
192000,9.199999809,14.10000038,11.80000019
192128,9.399999619,14.19999981,9.800000191
192256,11.60000038,14,8.100000381
192384,10.5,13,10.19999981
192512,8.5,13.39999962,10.30000019
192640,8.800000191,12.10000038,10
192768,8,10.69999981,10.10000038
192896,8.100000381,12.39999962,9.800000191
193024,9.5,13.39999962,9.800000191
193152,9.399999619,13.5,10.80000019
193280,8.800000191,14.39999962,9.5
193408,9,13.89999962,8.399999619
193536,7.699999809,14.10000038,10.80000019
193664,6.199999809,13.5,8.399999619
193792,5.5,13.39999962,9
193920,5.099999905,13.5,10.60000038
194048,5.199999809,13.89999962,11.69999981
194176,7.699999809,12.10000038,9.5
194304,7.900000095,11.39999962,8.300000191
194432,9.600000381,13.60000038,11.39999962
194560,10.39999962,13.69999981,11.19999981
194688,11.60000038,14.30000019,10.80000019
194816,10.10000038,13.69999981,11.19999981
194944,8.800000191,13.60000038,13
195072,9.100000381,12.69999981,13
195200,9.899999619,12.69999981,10
195328,9.300000191,13.80000019,10.89999962
195456,7.5,15.30000019,10.19999981
195584,8.399999619,12.80000019,10.60000038
195712,8.100000381,11.69999981,10.60000038
195840,10.10000038,13.19999981,11.89999962
195968,8.5,12.19999981,10.69999981
196096,9.199999809,13.60000038,9.800000191
196224,7.599999905,13.5,11.30000019
196352,8,13.80000019,11
196480,8.199999809,13.89999962,11.39999962
196608,11.60000038,11.5,12.19999981
196736,11.10000038,12.10000038,11
196864,9.399999619,13.60000038,11.89999962
196992,8.399999619,14.19999981,10.89999962
197120,9.399999619,14,9.600000381
197248,8.100000381,12.60000038,11.39999962
197376,7.199999809,11,11.5
197504,7.300000191,12.60000038,11.69999981
197632,8.300000191,13.60000038,11.19999981
197760,9.5,14.60000038,9.399999619
197888,10.60000038,12.69999981,8.600000381
198016,7.900000095,10.19999981,8.800000191
198144,9.600000381,8.399999619,11.10000038
198272,8.899999619,10.60000038,11.10000038
198400,9.100000381,11.30000019,10.69999981
198528,11.69999981,12.19999981,11.60000038
198656,13.30000019,14.69999981,10.60000038
198784,11.80000019,13,10
198912,8,11.60000038,8.899999619
199040,7.699999809,11.10000038,9
199168,7.199999809,12.89999962,9.899999619
199296,6.400000095,12.69999981,11.80000019
199424,8.699999809,10.69999981,12.69999981
199552,8.800000191,12.39999962,11.89999962
199680,10,14.80000019,11
199808,9.899999619,14.5,10.69999981
199936,10.5,11.39999962,10.69999981
