TotalEnvSteps,td-seed-1,vtrace-seed-1,gae-rtg-seed-1,gae-seed-1,gae-seed-0,gae-rtg-seed-0,vtrace-seed-0,td-seed-0,td-seed-4,vtrace-seed-4,gae-rtg-seed-4,gae-seed-4,mgae-seed-4,mgae-seed-1,mgae-seed-0,REINFORCE-seed-4,REINFORCE-seed-1,REINFORCE-seed-0
500,3.97920147,3.97920147,3.97920147,3.97920147,5.31015024,5.31015024,5.31015024,5.31015024,3.43803069,3.43803069,3.43803069,3.43803069,3.43803069,3.97920147,5.31015024,3,4.199999809,3.700000048
1000,4.57894698,4.75657851,4.59868401,4.63815765,4.8947364,4.87499982,4.6381572,4.81578873,3.41447352,3.5526312,3.5526312,3.5921046,3.05921025,4.67763126,4.75657851,3.400000095,3.900000095,4.900000095
1500,4.85526279,3.88815747,4.18420986,3.43421034,3.96710514,3.96710514,4.46052612,4.06578897,3.9868422,3.9078945,4.32236775,4.79605257,3.43421034,5.09210541,3.92763108,2.799999952,4.599999905,4.199999809
2000,3.98684175,2.78289468,3.92763108,3.35526288,4.10526306,4.46052612,3.9078945,4.49999973,4.53947334,4.46052612,4.44078906,5.68421022,3.71052639,3.78947361,4.00657878,4.699999809,4.400000095,5.099999905
2500,3.03947343,2.15131581,4.04605239,2.74342128,3.92763153,4.12500009,5.23026288,3.86842086,3.9868422,3.98684175,3.15789432,5.03289477,2.76315765,3.17763111,4.34210478,3.700000048,5.199999809,8
3000,2.6842104,3.27631563,3.13815729,3.84868428,3.51315738,3.80921067,4.93421049,3.5921046,3.07894728,3.76973658,3.33552651,3.96710514,3.27631542,2.86184169,3.73026297,3.799999952,8.600000381,2
3500,2.54605272,3.86842041,3.31578948,4.02631581,4.28289459,4.46052612,3.74999934,4.4802627,3.53289417,3.27631563,3.82894725,3.41447331,2.96052597,3.23684178,4.10526306,5.099999905,4,5
4000,2.88157851,3.01973685,2.82236829,3.41447331,4.26315756,4.8947364,3.80921022,4.34210478,3.15789477,3.6315789,3.80921022,3.69078912,3.05921049,3.61184211,3.84868428,8.699999809,4.599999905,7.400000095
4500,3.61184211,3.31578948,3.5526312,3.9078945,3.57236826,3.86842086,3.65131527,3.80921022,3.43421034,3.71052639,3.9078945,3.94736856,3.57236847,3.9078945,4.1644737,6.800000191,5.800000191,6.599999905
5000,3.11842113,3.51315759,4.00657833,4.32236865,3.69078912,3.45394716,3.69078912,3.59210529,2.78289468,3.53289462,3.73026297,4.06578942,4.65789423,4.02631581,3.25657881,4.099999905,2.900000095,5.699999809
5500,3.92763108,4.2434205,3.96710514,4.22368392,3.92763153,3.84868383,3.9078945,4.61842059,4.16447328,4.28289459,4.18421031,4.00657878,5.74342041,3.92763108,3.49342077,7,3.200000048,3
6000,4.36184184,4.51973631,4.02631536,3.71052615,4.87499937,4.51973631,4.75657896,5.03289432,4.87499937,5.13157905,5.15131518,3.69078933,5.40789396,5.09210451,4.02631536,3.700000048,4.599999905,4.5
6500,3.49342077,4.00657878,3.86842086,3.61184187,5.07236838,3.94736811,4.65789423,4.69736829,2.4473682,3.76973658,3.15789432,3.9078945,3.25657881,4.81578873,4.30263162,5.400000095,6.300000191,8.699999809
7000,3.74999979,4.4013159,3.63157845,4.06578942,4.24342095,4.59868401,5.0526318,4.10526306,3.96710514,3.88815747,3.71052615,3.9868422,4.22368392,4.12499964,3.82894725,8.699999809,7.5,5
7500,4.06578897,4.34210478,3.76973658,4.28289459,3.96710514,3.75,4.48026315,3.94736811,4.99342068,4.46052612,4.02631581,4.06578897,5.11184244,3.9868413,3.86842086,5.599999905,8,11.60000038
8000,4.49999973,3.92763198,3.6315789,4.53947334,4.12499964,4.57894743,4.36184226,3.69078933,5.07236838,5.07236748,4.06578942,4.28289459,4.95394707,4.51973631,4.20394734,2.599999905,5.699999809,5.099999905
8500,4.22368392,3.59210529,3.6315789,3.78947361,4.53947334,3.84868428,4.51973631,4.9736841,2.92105236,4.93421004,5.13157905,4.18421031,5.03289477,4.50000018,4.02631581,8.100000381,6.900000095,5.599999905
9000,3.9078945,3.39473649,2.78289468,3.33552651,3.19736862,3.55263165,3.00000003,4.65789423,2.70394698,4.46052612,3.45394737,4.36184184,3.49342077,4.4802627,3.96710514,5.900000095,6.099999905,7
9500,3.65131551,3.71052594,3.51315759,4.12499964,3.96710514,4.91447343,3.00000003,3.17763156,3.9078945,4.61842059,3.53289441,4.59868401,3.31578948,4.5592104,4.1644737,3.700000048,7.5,5.099999905
10000,3.94736811,4.40131545,4.2434205,4.5592104,3.53289462,4.79605257,3.88815747,3.65131551,3.39473673,3.51315804,4.26315756,5.2894731,3.9078945,5.48684121,4.20394689,5.800000191,8,8
10500,3.0986841,3.65131593,4.02631581,4.36184226,4.30263162,5.01315774,4.12499964,4.75657896,3.65131551,3.98684175,4.14473667,4.4802627,4.30263117,5.05263135,3.98684175,6,11.60000038,9.199999809
11000,3.15789498,3.29605266,3.21710496,4.26315756,3.3749997,3.65131551,3.84868428,4.93421004,3.88815747,3.19736862,4.44078951,3.51315759,4.36184226,3.71052615,4.36184184,6.400000095,9.399999619,5.800000191
11500,3.71052594,4.22368392,3.45394716,4.5592104,3.73026273,3.82894725,4.32236775,4.44078864,3.73026297,2.72368401,4.53947334,2.9407896,3.6315789,4.36184184,4.8947364,5.199999809,8.699999809,8
12000,2.99999982,3.80921022,3.96710514,3.78947361,4.04605194,4.67763126,4.65789423,3.92763108,3.76973658,3.6710523,4.77631554,3.86842041,4.28289459,4.02631581,4.10526306,8.800000191,6.400000095,10.19999981
12500,3.19736817,4.08552603,4.85526234,4.34210478,3.96710514,3.96710514,4.95394707,3.0986841,3.29605266,3.78947361,6.35526225,3.33552651,5.56578933,3.57236826,5.05263045,3.900000095,8,5.599999905
13000,3.73026297,4.40131545,4.59868356,4.71710487,3.35526288,4.38157842,4.40131545,4.55920995,3.74999979,3.9868422,5.56578933,4.26315756,5.30921013,4.22368392,5.66447361,9.300000191,7.599999905,10.89999962
13500,3.75,4.75657806,4.12499964,4.49999928,3.88815747,5.13157905,5.01315774,5.8618413,3.25657881,3.41447352,3.82894725,3.71052615,3.73026297,4.24342095,5.74341999,6.699999809,5.900000095,8.5
14000,4.04605239,4.51973631,3.61184211,3.94736811,3.49342077,4.4013159,5.30921058,7.12499991,3.15789432,3.29605266,3.49342122,3.49342122,4.26315756,4.49999973,5.48684166,7.099999905,4.900000095,10.10000038
14500,4.2434205,3.47368374,3.07894728,4.18421076,4.24342095,3.92763108,3.75,5.15131518,4.59868401,4.32236775,3.57236826,4.20394779,5.03289432,4.46052612,4.85526279,4.199999809,7,9
15000,3.76973658,3.94736811,2.84210532,4.5592104,4.95394707,3.88815747,4.77631509,4.36184184,3.9078945,5.03289432,4.30263162,4.59868356,5.48684166,4.79605257,4.10526306,8.699999809,4.900000095,7.099999905
15500,3.88815747,4.57894698,3.0197364,4.87499937,5.26973649,4.28289459,5.2894731,4.8947364,3.71052615,4.97368365,4.73684193,4.73684193,4.91447343,4.75657896,4.30263117,5.900000095,5.5,7.099999905
16000,3.88815789,5.05263135,4.14473667,5.09210451,4.77631509,4.51973631,4.79605257,5.05263135,2.94078939,4.95394707,3.6710523,4.83552576,4.22368392,4.87499937,4.91447301,6.199999809,6.599999905,10.10000038
16500,3.51315804,5.76315747,4.83552576,5.50657824,4.77631554,3.47368374,4.5592104,3.88815747,3.82894725,4.8947364,3.5526312,3.74999979,4.36184184,4.69736784,5.44736802,10,7.800000191,8
17000,3.78947361,4.91447301,4.71710487,4.12499964,4.44078864,4.49999973,4.40131545,3.47368374,4.02631536,4.14473667,4.18420986,3.88815789,4.40131545,4.93421004,4.57894698,6.400000095,8.100000381,6.699999809
17500,4.14473667,5.42763099,3.13815774,4.04605239,3.80921022,3.0986841,4.99342068,2.98026324,4.00657878,4.40131545,4.02631536,4.22368437,4.8157896,5.36842077,4.14473667,6.199999809,6.400000095,7.5
18000,4.85526279,4.1644737,3.86842041,4.04605239,4.3223682,4.04605284,4.46052612,3.5526312,4.59868401,5.15131473,4.83552666,3.96710514,5.60526297,4.30263117,5.7039477,6.699999809,15.60000038,10
18500,5.36842077,4.28289459,4.32236775,5.11184112,4.14473622,4.85526279,4.81578873,4.83552576,3.98684175,4.51973631,4.93421049,3.9078945,5.3881578,5.3881578,5.94078942,7,7.5,11
19000,4.5592104,3.29605245,3.73026273,4.79605257,4.93421004,4.04605239,5.44736802,4.95394707,3.86842086,3.96710514,4.04605239,4.61842104,4.20394689,5.09210451,7.12499946,4.300000191,6.400000095,12.19999981
19500,3.88815747,4.08552603,4.36184184,4.69736829,5.21052585,5.40789396,6.1184205,4.49999928,4.36184184,2.94078939,4.69736829,5.03289432,4.34210478,3.76973703,6.78947301,13,6.5,6.199999809
20000,4.59868401,4.63815765,4.22368392,5.50657869,4.3223682,4.97368365,6.13815711,3.53289441,4.08552648,4.1644737,5.26973649,6.21710478,4.24342095,4.30263162,6.63157896,7.5,9.800000191,5.699999809
20500,4.83552576,3.29605245,5.17105221,5.52631527,4.53947334,4.20394689,4.04605239,3.78947319,3.15789432,5.32894761,5.13157905,5.4671046,4.40131545,5.34868374,5.70394725,7.900000095,5,5.599999905
21000,2.66447379,3.49342056,4.5592104,5.15131518,4.65789468,4.06578942,4.48026315,3.92763108,3.9078945,4.44078906,4.77631554,4.08552603,4.61842059,6.01973577,5.66447361,6.699999809,8.5,13
21500,2.80263126,3.94736811,4.1644737,5.19078882,4.67763126,4.77631509,5.56578933,3.47368374,3.61184187,3.78947361,4.48026315,3.96710514,4.28289459,5.96052603,5.62499955,9.800000191,7.099999905,6.699999809
22000,4.26315756,4.08552603,4.18420986,5.82236811,5.19078924,4.9736841,5.96052603,3.78947361,2.94078939,5.24999946,4.59868401,4.08552603,4.91447343,5.44736802,6.49342014,4.400000095,6.400000095,13
22500,4.83552576,4.77631509,4.40131545,5.4671046,4.12500009,4.38157842,5.26973649,4.95394707,3.96710469,6.21710436,3.84868428,3.61184187,5.01315774,4.87499937,7.28289396,6.5,6.199999809,12.80000019
23000,4.48026315,5.05263135,4.49999928,4.63815765,3.80921022,3.73026297,5.82236766,4.71710487,4.12499964,5.68421067,4.10526306,4.71710487,4.65789468,5.62499955,7.38157869,10.69999981,8.199999809,7.5
23500,3.11842068,4.44078951,4.97368365,3.53289462,4.04605239,5.05263135,6.35526315,3.65131593,4.28289459,5.05263135,5.28947352,5.8618413,5.05263135,6.1184205,6.65131509,7.099999905,6.599999905,11.69999981
24000,3.6710523,4.83552666,4.49999973,4.5592104,5.64473703,5.19078924,5.62499955,3.92763198,4.08552648,4.71710487,5.09210451,5.62499955,5.66447319,6.01973667,6.73026234,12.69999981,5.900000095,15.30000019
24500,3.88815747,5.26973649,3.6315789,4.81578873,5.30921058,4.79605257,5.3881578,3.75,4.77631509,4.34210478,4.51973631,4.04605239,6.1184205,5.44736757,5.80263108,6.300000191,8.399999619,5.300000191
25000,3.43421058,3.88815747,3.73026297,4.63815807,4.46052612,4.28289459,5.24999991,3.73026273,4.57894698,3.55263165,5.13157905,2.64473655,5.17105221,4.40131545,6.63157806,12.19999981,10.89999962,11
25500,3.94736811,4.55920995,3.96710514,3.9078945,4.3223682,4.87499937,4.55920995,4.5592104,4.69736874,3.88815834,5.24999946,2.88157917,4.91447301,4.06578897,6.80920959,8.5,14.69999981,5.900000095
26000,5.30921058,4.79605257,3.76973658,3.6710523,4.8157896,5.92105194,5.13157815,5.24999946,5.24999946,5.07236838,4.48026315,4.48026315,5.05263135,4.04605239,5.90131536,8.199999809,7,12
26500,4.73684193,4.61842104,5.23026288,3.43421058,4.14473667,6.05920986,5.98026216,5.58552594,4.28289414,4.6381572,5.44736802,5.32894716,3.67105275,3.78947361,5.11184244,7,9.600000381,9.199999809
27000,3.25657881,4.65789423,5.03289477,3.57236826,3.78947361,5.15131608,4.67763126,5.44736802,4.51973721,4.8157896,5.78289405,6.01973667,3.6315789,3.92763108,5.19078924,8.899999619,11.39999962,9.699999809
27500,3.67105275,4.26315756,4.6381572,3.71052615,4.75657851,4.28289459,4.61842059,4.24342095,4.67763126,5.78289405,6.17763117,6.73026279,4.53947292,4.12499964,5.40789396,12.89999962,10.69999981,11.30000019
28000,4.18420986,4.73684193,5.2894731,4.57894698,4.61842104,4.30263117,4.61842059,3.76973658,4.1644737,5.2894731,6.09868392,7.00657815,5.36842077,3.74999979,4.44078951,8.5,7.400000095,5.800000191
28500,4.61842104,6.03947283,5.88157788,5.34868374,4.48026315,4.46052567,5.24999946,4.51973631,4.28289414,4.40131545,7.75657833,7.22368284,5.26973649,4.49999973,4.71710487,5.300000191,11.60000038,16.5
29000,4.61842059,5.30921013,5.19078882,6.41447334,4.30263162,3.63157845,5.82236811,5.32894716,4.00657833,4.57894743,5.8618413,6.21710478,4.87499937,5.21052585,4.93421004,12.69999981,11.5,6.099999905
29500,4.04605194,3.88815789,5.24999991,7.28289486,4.44078906,3.94736856,5.3881578,4.83552576,3.3355263,5.30921013,5.15131518,4.97368365,6.47368356,6.23684139,5.98026216,17.60000038,6.5,7.400000095
30000,4.59868401,4.36184139,5.52631527,6.27631545,5.24999946,4.00657833,4.77631599,4.97368365,3.23684178,4.36184184,4.49999973,4.12499964,7.20394716,6.53289423,6.78947301,11.60000038,8.699999809,13.60000038
30500,4.81578873,4.42105248,5.21052585,5.11184112,3.84868428,4.48026315,4.12499964,5.62499955,3.15789477,4.42105248,4.71710487,3.84868428,6.92763045,6.78947301,6.80920959,10.60000038,7.400000095,13.80000019
31000,3.94736811,4.59868401,3.82894725,4.28289459,3.88815747,4.8947364,5.28947352,5.19078924,4.20394689,4.42105158,4.69736784,3.65131593,5.84210514,6.69078873,5.60526297,4.199999809,7.900000095,10.10000038
31500,4.32236775,5.28947397,4.46052612,5.07236748,4.34210478,4.93421004,5.38815825,4.34210478,3.84868428,4.12500009,4.95394707,4.18420986,4.49999973,5.54605185,5.74342131,4.599999905,5.599999905,9.399999619
32000,4.51973721,4.75657896,4.61842104,5.3881578,3.73026318,4.97368365,5.44736802,3.96710514,3.57236826,4.67763126,4.30263162,4.04605239,4.53947334,4.61842104,5.30921013,8.800000191,8.100000381,12
32500,4.18421031,4.06578897,3.82894725,5.38815693,4.38157842,5.03289432,5.68421022,4.40131545,4.12499964,4.14473712,5.24999991,3.80921022,4.77631509,5.07236748,5.56578888,10.80000019,9.399999619,10.10000038
33000,3.65131593,2.94078939,3.74999979,4.89473595,4.5592104,4.69736784,4.34210478,5.58552594,2.88157872,3.3355263,3.55263144,3.59210529,3.76973658,5.2894731,6.73026234,6.199999809,4.800000191,12.5
33500,3.84868383,3.69078912,4.02631491,4.30263117,4.73684193,4.63815807,3.92763108,6.55263126,4.12499964,4.00657878,3.43421058,3.98684175,3.73026297,5.60526297,7.28289396,10.30000019,20.5,7.900000095
34000,3.94736811,4.1644737,4.5592104,5.32894716,5.52631572,5.23026243,4.36184139,5.70394725,5.03289432,5.11184112,4.55920995,4.85526234,4.93421049,6.49342014,7.6578945,11.30000019,5.599999905,11
34500,4.22368392,4.79605212,5.98026216,5.72368338,6.35526225,4.95394707,4.91447388,5.24999946,4.24342095,5.68421022,5.09210451,4.42105248,5.03289477,5.52631572,5.36842122,7.699999809,10.39999962,9.800000191
35000,4.57894698,5.44736802,5.01315774,6.13815756,5.70394725,4.79605257,5.8618413,4.32236775,4.20394779,4.95394707,5.07236838,5.24999946,5.52631527,6.09868392,4.97368365,6.199999809,9.399999619,5.199999809
35500,4.65789468,3.9078945,4.26315756,5.58552594,5.56578888,5.60526252,6.49342059,5.15131518,4.18421031,4.91447301,5.62499955,5.58552549,4.48026225,6.09868392,4.97368365,9.800000191,21.10000038,5.699999809
36000,4.2434205,3.49342122,4.87499937,4.85526279,4.89473685,4.46052612,4.18421076,4.77631554,4.91447343,4.95394707,5.625,5.84210514,3.94736811,4.79605167,4.18421031,6.400000095,15,4.800000191
36500,4.30263072,4.83552576,5.90131581,5.19078882,4.67763126,4.65789468,4.36184226,5.01315774,4.53947334,4.77631554,5.23026288,5.52631527,4.67763126,5.09210541,4.26315756,6.099999905,10.89999962,3.5
37000,4.93421004,5.74342131,5.26973649,6.09868347,4.61842104,4.59868401,4.30263162,4.49999928,3.71052615,5.44736802,5.05263135,5.11184112,6.39473631,6.65131509,5.48684253,13.19999981,9.199999809,4.400000095
37500,4.40131545,4.93421049,4.12500009,5.96052603,4.69736829,4.46052612,4.34210478,4.67763126,3.5526312,5.96052603,5.74342041,4.95394707,6.73026279,7.61842041,7.44078933,11.39999962,14.39999962,6.599999905
38000,4.42105248,4.49999973,4.6381572,4.75657806,5.42763099,5.23026288,4.79605257,5.05263135,4.08552558,5.92105194,6.25657842,5.86184175,6.31578864,6.33552612,9.05920923,10.60000038,11.89999962,9.100000381
38500,4.87499937,4.73684193,4.95394707,5.09210451,5.26973649,5.70394725,5.80263108,4.97368365,5.19078882,4.10526306,6.67105167,5.96052603,4.34210478,5.60526297,9.39473568,7.800000191,13.19999981,7.599999905
39000,4.36184139,4.75657851,4.71710532,5.30921058,4.99342113,5.23026288,6.1184205,5.09210451,6.31578864,4.36184184,6.31578819,6.4342104,5.40789396,6.47368356,8.56578915,8.800000191,16.20000076,14.60000038
39500,3.82894725,5.13157815,4.34210478,5.05263135,5.78289405,4.73684193,7.1644731,4.95394707,6.05920986,5.03289477,5.40789396,6.41447334,5.32894716,6.41447292,7.46052594,9.899999619,6,9.300000191
40000,3.73026318,5.05263135,4.5592104,5.11184157,5.34868419,4.57894698,5.74342041,4.53947334,5.01315729,4.51973631,5.76315702,6.88815774,5.96052603,6.55263126,7.69736766,10.10000038,4.699999809,6.900000095
40500,3.9078945,4.8947364,4.48026315,5.07236838,4.3223682,4.67763126,4.79605257,4.34210478,4.48026315,4.83552576,6.57236829,6.6907896,5.64473658,6.01973667,7.04605176,11,6,9
41000,3.6710523,5.56578888,4.08552603,6.2763159,4.5592104,3.9078945,4.97368365,4.10526306,4.08552603,5.11184112,7.12499946,5.36842077,6.41447247,5.11184112,6.80921004,14.10000038,8,5.300000191
41500,3.82894725,6.15789414,3.96710514,6.94736748,4.77631509,4.67763126,6.31578864,3.71052594,4.95394707,4.65789468,7.10526243,5.3881578,7.36184121,6.29605158,7.44078888,6.199999809,17.79999924,6.300000191
42000,4.28289459,5.62499955,4.08552603,7.4210523,5.74342041,4.38157887,6.29605248,4.69736829,5.70394725,5.13157905,6.67105167,5.92105194,6.65131509,7.10526288,8.99999946,10.60000038,6.400000095,1.399999976
42500,4.38157887,4.24342095,4.42105248,7.8157881,6.67105257,4.26315756,5.76315747,4.10526306,4.18420986,5.74342041,6.1184205,5.56578933,6.78947343,7.75657743,9.01973604,6.199999809,15.30000019,8.699999809
43000,3.9078945,5.15131518,4.83552576,8.15131545,5.52631527,5.36842077,5.54605185,4.79605257,4.22368392,5.84210469,5.98026216,5.4671055,6.13815756,9.57236676,10.00657887,8.199999809,10.39999962,5.199999809
43500,4.87499982,6.17763162,4.59868401,8.17105203,5.13157905,5.60526297,5.68421067,4.99342068,3.27631584,5.26973604,6.59210487,6.19736775,6.29605113,9.31578846,8.58552576,15,9.300000191,6.5
44000,5.19078924,6.92763045,4.65789423,6.53289423,3.73026297,5.09210451,5.34868374,4.93421049,3.76973658,5.98026306,6.35526315,6.1184205,6.55263081,10.2631563,9.76973622,9.300000191,17.20000076,10.5
44500,4.5592104,6.67105302,4.42105248,4.8157896,4.20394734,4.1644737,5.2894731,4.53947334,4.28289459,5.4671055,6.1973682,5.70394725,7.12499901,8.68420959,8.52631599,14.30000019,7.300000191,5.099999905
45000,4.06578897,7.1644731,5.05263135,4.97368365,4.65789423,6.19736775,6.13815756,4.97368365,3.73026297,5.30921013,6.01973712,6.09868392,7.2631578,7.63815789,7.97368347,11.30000019,6,3.400000095
45500,3.29605266,5.30921013,5.7828945,6.29605158,4.83552576,5.98026216,6.29605158,4.87499937,3.84868428,6.05920941,5.2105263,6.17763117,6.67105167,6.78947301,7.69736676,5.900000095,11.60000038,6.800000191
46000,3.61184187,4.00657878,6.53289423,6.55263081,5.17105176,5.90131581,4.30263162,4.44078951,4.00657833,6.07894689,4.20394689,5.5460523,6.21710478,7.77631491,8.98026198,12.69999981,14.19999981,7.199999809
46500,3.86842131,4.93421049,5.13157905,6.33552612,4.67763126,5.8618413,5.21052585,6.1973682,4.18421031,5.21052585,5.05263135,6.31578864,6.13815711,6.94736748,8.68420959,6.099999905,19,5.400000095
47000,3.5526312,5.44736802,4.99342068,6.53289423,4.5592104,5.42763099,6.00000009,5.58552594,4.73684193,4.57894698,5.15131518,6.65131464,6.53289468,7.00657905,9.76973535,8.899999619,16.70000076,7.300000191
47500,3.73026297,4.87499982,4.75657851,5.26973649,4.83552576,4.18421031,5.78289405,4.57894698,3.71052639,4.69736784,6.29605293,6.86842113,6.25657887,7.02631518,7.53947319,5.800000191,11.10000038,8.600000381
48000,3.9078945,5.07236838,3.43421058,5.7828945,5.56578933,4.5592104,5.62499955,4.67763126,3.03947343,5.17105176,5.58552594,5.58552549,5.64473703,7.48026252,6.61184193,16.39999962,5.300000191,6.699999809
48500,3.67105275,4.63815765,4.18421031,5.5460523,6.13815711,5.36842122,3.9078945,4.97368365,4.02631581,5.01315774,6.37500018,4.10526306,5.94078897,7.26315693,7.4210523,10.39999962,7.199999809,4
49000,4.26315756,4.63815765,5.28947352,5.84210469,6.29605158,5.52631527,4.91447301,5.56578888,4.36184184,4.22368392,5.66447319,4.18421031,5.26973649,7.89473622,7.48026252,8.300000191,12,5.699999809
49500,4.75657806,4.9736841,5.48684253,5.05263135,5.66447319,5.28947352,6.25657842,6.33552612,3.9078945,3.82894725,6.17763117,4.63815765,6.15789414,8.13157887,8.62499982,13.39999962,10.39999962,3.900000095
50000,5.4671046,5.96052603,5.76315747,6.13815756,5.07236838,5.19078924,7.26315693,5.90131536,4.46052612,4.57894698,6.82894707,5.24999946,6.55263081,8.60526234,8.40789378,14,9,6.099999905
50500,4.75657896,5.80263108,5.56578933,5.34868374,4.73684193,5.40789486,7.12499991,5.44736802,4.63815765,4.63815765,7.6578945,4.87499937,6.94736838,9.96710568,8.64473553,11.89999962,5.300000191,6
51000,4.1644737,4.91447343,5.15131518,6.1973682,4.8157896,5.56578888,6.53289423,5.36842077,3.92763108,5.48684121,7.71710514,4.57894698,7.53947319,9.09868329,9.05921013,6.400000095,13.19999981,5.400000095
51500,4.02631581,5.4671046,5.40789396,7.3421046,5.19078882,4.83552576,5.48684166,4.67763126,3.88815747,4.04605239,4.85526234,4.18421031,6.39473631,8.44736784,9.03947265,12.89999962,13.89999962,3.799999952
52000,4.12499964,4.57894698,4.99342068,6.09868347,6.23684184,5.8618413,6.13815711,4.63815765,3.92763153,3.73026297,5.03289432,5.42763099,7.0855254,7.46052549,10.22368311,17.29999924,16.60000038,6.599999905
52500,4.40131545,4.9736841,3.86842086,4.02631581,6.13815711,6.49342014,6.15789414,5.07236838,4.36184184,4.53947334,5.98026216,5.7828945,7.06578924,7.0855263,11.28947319,4,11,5.800000191
53000,4.42105203,5.62499955,3.3749997,4.71710487,6.69078873,6.27631545,6.25657842,5.19078882,5.05263135,4.91447343,7.53947319,6.4342095,7.4210523,7.85526306,12.01973676,8.600000381,10.19999981,6.699999809
53500,3.80921022,5.98026216,4.4802627,5.19078924,6.23684184,5.32894716,5.21052585,5.66447361,4.46052612,4.63815765,7.10526243,5.44736802,6.76973595,7.77631491,9.7894737,11.60000038,7.199999809,6.5
54000,4.8947364,5.52631527,5.07236838,6.17763117,5.66447361,6.09868347,6.09868347,6.45394698,3.92763108,5.09210541,6.01973667,4.85526279,4.91447301,8.30920995,10.42105167,7.199999809,20.79999924,6.300000191
54500,4.85526279,3.9078945,4.49999973,6.07894689,6.29605248,5.52631527,5.32894671,5.26973649,4.08552603,5.01315774,5.54605185,3.6315789,4.51973631,7.55920977,9.78947283,11.69999981,12.10000038,7
55000,4.59868401,4.26315756,4.87499937,4.46052612,5.78289405,4.71710487,6.01973712,5.64473658,3.6710523,5.03289432,4.95394707,3.53289462,5.99999964,7.18420923,9.51315702,4,13,9.399999619
55500,3.96710514,5.09210541,5.7828945,4.87499982,6.07894689,6.05920986,6.47368311,5.17105221,3.41447352,4.49999973,5.58552594,4.46052612,7.51973658,6.71052531,11.42763018,6.099999905,6.800000191,6.099999905
56000,4.59868401,4.95394707,5.26973649,6.41447292,6.31578864,5.9407881,7.83552558,4.16447328,3.86842086,5.13157905,5.21052585,4.91447301,7.51973658,8.15131545,12.09868491,10.30000019,4.699999809,8.699999809
56500,5.15131518,5.58552594,6.1184205,7.77631491,6.57236829,5.64473658,7.40131482,4.65789468,4.5592104,5.17105221,5.17105176,5.23026243,6.86842023,8.88157725,12.45394617,9.300000191,10.5,8.100000381
57000,4.59868401,5.98026306,5.5460523,6.84868365,6.55263081,5.60526297,7.40131527,5.3881578,5.03289432,4.20394689,5.11184112,6.01973667,6.98684157,9.47368383,9.61184262,7.300000191,8.800000191,10.80000019
57500,3.9078945,5.36842077,4.83552576,5.82236766,6.65131509,5.78289405,6.94736838,5.21052585,4.61842059,4.44078951,4.83552576,6.8486841,5.78289405,7.63815789,8.34868311,13.39999962,5.599999905,9.199999809
58000,4.87499982,5.70394635,4.20394734,5.96052513,5.13157905,5.44736757,5.62499955,5.42763099,5.19078924,5.58552594,4.46052612,7.14473649,6.13815711,7.00657905,8.2302627,4,7.5,6.599999905
58500,4.91447343,5.50657869,4.10526306,5.50657824,5.17105221,6.11842005,6.33552657,5.99999874,5.30921013,5.42763099,4.30263162,5.64473658,6.37500018,6.86842068,9.15789396,10.19999981,8.399999619,11.60000038
59000,4.30263162,5.3881578,4.85526279,4.91447343,6.4342095,6.41447292,6.23684184,5.09210451,4.77631509,3.88815747,4.77631509,4.20394734,5.90131536,7.75657923,11.23026342,7.800000191,8.600000381,7.5
59500,3.73026297,5.70394635,4.28289459,4.75657806,6.27631545,4.83552576,5.84210469,4.12499964,4.06578942,4.46052612,4.95394707,4.22368392,5.44736757,6.69078873,12.19736694,10.60000038,10.30000019,7.400000095
60000,4.48026315,6.88815729,4.85526279,4.8947364,6.07894644,4.85526279,5.40789396,5.09210451,4.53947334,4.24342095,5.3881578,4.71710487,5.86184175,6.09868392,11.64473535,12,11,6.800000191
60500,5.24999991,7.2631578,5.74341999,5.74342041,4.95394707,5.2894731,4.93421049,4.71710487,5.34868374,4.2434205,5.98026216,5.64473658,6.80921004,7.1644731,11.48684085,9.100000381,13,5.5
61000,6.41447292,7.20394581,6.69078828,7.32236757,4.32236775,4.59868401,4.67763126,4.12500009,5.50657824,5.40789486,7.12499946,6.03947283,8.01315756,8.50657851,10.00657797,12.10000038,10.60000038,7.199999809
61500,5.50657824,5.68421022,5.64473658,7.83552558,4.22368392,5.23026288,5.96052513,4.50000018,4.9736841,5.4671046,7.75657923,5.74342131,7.2434199,9.41447319,11.64473622,13.19999981,17.79999924,7.400000095
62000,4.1644737,6.49342104,6.05920941,7.95394689,5.90131491,5.76315834,6.29605158,4.57894698,4.49999973,4.06578897,8.0723682,5.76315747,6.86842023,8.68420959,11.74342005,11.19999981,10.69999981,6
62500,4.14473667,5.82236811,5.05263135,6.92763045,6.67105167,6.05920986,7.73684085,5.84210469,3.57236826,4.85526279,7.02631473,4.83552576,6.33552522,7.99342005,13.20394902,11.19999981,16.70000076,7.400000095
63000,3.55263144,5.4671055,3.71052615,6.90789432,7.89473622,6.47368356,7.30263099,6.67105257,4.91447343,4.79605212,5.3881578,5.15131518,6.17763117,7.1644731,12.69079329,7,9.600000381,10.39999962
63500,3.80921022,5.26973649,4.30263162,6.57236829,5.92105194,5.99999874,7.00657815,5.72368428,4.93421049,4.73684193,5.80263063,5.34868419,6.39473631,7.2631578,13.20394902,6.900000095,7.099999905,6.400000095
64000,4.69736829,4.83552576,5.56578888,6.11842095,5.48684166,5.13157905,5.07236838,5.28947352,3.59210505,5.17105221,6.1184205,5.30921013,6.82894662,7.61842041,14.80263501,5.5,9.699999809,11.80000019
64500,5.26973649,6.07894689,5.11184157,6.76973595,6.45394698,5.74342131,4.53947334,4.75657851,4.04605284,4.59868401,6.21710478,5.15131518,6.69078873,7.42105185,13.5394755,12.19999981,7,12.80000019
65000,5.34868419,6.0394737,4.02631581,5.70394635,6.51315765,6.55263081,5.07236838,4.75657806,5.05263135,4.18421076,5.60526297,4.06578897,7.20394671,7.71710514,14.96052861,10.19999981,10.60000038,6
65500,3.98684175,5.92105194,4.4802627,5.40789486,5.72368338,5.72368338,5.2894731,5.58552594,6.53289468,5.09210541,5.0526318,3.57236847,7.12499946,7.48026252,14.8421073,17.60000038,17.5,9.800000191
66000,4.36184226,5.96052603,5.66447361,6.05921076,5.82236811,4.87499982,4.61842104,5.28947352,6.03947283,5.17105221,4.1644737,4.08552603,7.63815702,7.79605329,11.86184139,11.60000038,22.10000038,8.399999619
66500,4.99342068,7.20394671,6.01973667,6.07894689,5.60526252,5.19078924,5.24999991,4.34210478,5.05263135,5.17105221,5.03289477,4.44078906,6.86842023,8.28947334,10.89473517,10.60000038,14.19999981,11.10000038
67000,4.91447343,5.94078942,5.56578888,6.23684139,5.80263108,5.5460523,5.64473703,4.4802627,3.96710514,4.77631554,5.56578933,5.03289432,5.58552594,8.21052522,10.30263216,10.19999981,16.89999962,7.199999809
67500,3.75,6.17763072,4.93421004,6.41447334,6.29605158,6.19736775,6.37500018,5.01315774,4.28289459,5.09210451,6.01973667,5.11184157,6.57236784,8.2302627,11.15131527,10.10000038,11.10000038,15.89999962
68000,3.76973658,5.32894716,4.69736784,6.37499928,7.06578882,6.07894644,7.40131527,5.48684166,5.23026288,6.15789414,6.57236784,5.76315747,7.44078888,7.46052594,11.11184121,3.900000095,7.800000191,11.80000019
68500,3.96710514,4.26315756,5.36842077,6.01973577,6.27631455,5.23026288,6.41447424,4.26315756,4.46052612,5.07236838,5.48684166,5.68420932,7.32236757,8.05263162,12.03947334,10,5.900000095,12.89999962
69000,4.99342113,5.74342041,5.40789486,6.07894644,5.15131518,5.72368338,4.5592104,4.26315756,3.80921067,3.63157914,5.40789351,5.44736802,6.37499928,8.28947247,13.14473568,9.600000381,8.300000191,7.400000095
69500,4.22368437,5.7828945,4.8947364,5.80263063,5.90131536,5.68421022,4.65789423,4.57894698,3.45394737,3.80921067,4.67763126,5.68421022,5.23026288,8.48684193,14.66447265,17,8.800000191,6.599999905
70000,4.12500009,4.57894698,5.66447319,5.66447361,5.48684166,5.70394635,5.68421022,5.32894716,3.43421034,4.18421076,5.0526318,5.19078924,5.52631527,9.65131491,15.33552648,12.19999981,11.30000019,14.69999981
70500,4.67763126,5.4671046,5.0526318,5.88157833,5.24999946,5.34868374,4.73684193,5.2894731,4.04605239,4.87499937,5.42763099,6.11842005,6.07894644,10.40131509,15.03947496,11.39999962,6.699999809,9.800000191
71000,5.05263135,6.01973667,5.05263135,6.0394737,6.33552612,6.65131464,4.46052612,5.09210451,4.48026315,5.11184157,5.58552549,5.84210469,6.21710523,10.30263036,16.65789843,9.600000381,6,15.10000038
71500,5.11184157,5.94078897,4.71710532,6.57236784,5.64473568,5.76315747,5.84210469,6.07894689,4.14473667,6.03947283,4.83552576,4.99342068,6.37499928,9.67105149,14.74342077,19,10.10000038,9.699999809
72000,5.13157905,4.51973721,5.26973649,7.2434199,5.17105311,4.95394662,6.31578864,5.86184175,4.10526306,5.4671046,5.28947397,4.69736874,5.8618413,9.07894671,16.1447382,8.800000191,5.699999809,13.69999981
72500,5.15131518,4.49999928,5.15131518,7.59868383,5.90131536,4.67763126,7.22368374,4.44078906,3.98684175,5.8618413,5.28947352,4.8157896,5.76315747,9.67105149,14.78289396,9.100000381,10.80000019,12.89999962
73000,4.63815765,5.21052585,4.93421049,7.28289486,5.98026216,5.11184157,6.07894644,5.01315774,3.17763111,5.96052603,6.15789414,4.89473685,6.15789369,8.84210319,14.40789432,7.300000191,7.800000191,14.19999981
73500,4.14473667,5.92105194,5.05263135,6.33552612,4.95394707,5.01315774,5.28947352,5.78289405,3.82894725,5.98026306,6.01973667,4.77631554,6.98684157,9.51315702,10.8355245,8.600000381,9.199999809,11.89999962
74000,5.44736802,5.92105194,5.32894716,6.98684157,5.32894716,5.09210541,5.68421022,5.80263108,4.55920995,5.60526252,5.72368338,4.55920995,7.48026252,9.51315789,10.59868275,11.10000038,12,13.19999981
74500,5.60526252,6.67105167,5.32894716,5.64473703,6.23684184,5.66447319,6.0394737,5.24999946,5.54605185,4.91447343,4.59868401,4.36184184,7.16447352,9.11842077,12.57236571,17,10.69999981,12.89999962
75000,6.45394698,6.73026234,5.70394635,6.61184103,6.15789459,5.50657824,5.11184244,4.12499964,4.99342113,5.4671055,4.67763126,5.19078882,6.17763117,10.30262946,13.00657779,9,13.60000038,4.599999905
75500,4.99342068,5.66447361,6.05920986,5.52631527,7.53947229,6.01973667,5.66447361,3.94736856,3.98684175,5.09210541,5.76315702,5.68421067,6.13815711,10.44078828,15.49341918,12.5,10.5,12.30000019
76000,4.06578987,4.85526279,5.84210469,6.4342095,6.80921004,5.36842077,5.56578888,3.65131593,3.78947319,6.57236784,6.01973667,4.87499937,6.84868365,10.61842023,14.23026234,11.10000038,8.5,10.5
76500,3.73026297,5.58552594,5.74342041,5.90131491,4.69736829,5.09210541,5.42763099,4.48026315,3.82894725,5.48684166,5.70394725,3.53289462,7.75657833,11.42763018,15.59210658,14.60000038,13.89999962,16.79999924
77000,4.38157887,6.21710478,5.56578888,6.21710478,4.73684193,4.95394707,5.98026306,5.32894716,4.30263117,5.05263135,6.17763117,4.71710532,7.38157869,10.73683977,12.69078969,16,11.69999981,16
77500,4.75657806,6.78947301,5.23026288,6.35526225,5.82236811,5.26973649,6.94736748,5.36842077,4.28289459,4.24342095,6.01973667,5.2105263,8.6447364,11.5657881,12.13815807,17.10000038,10.30000019,12.69999981
78000,5.07236838,7.0065777,5.72368338,7.18421013,6.07894689,5.8618422,5.21052585,4.99342068,4.38157842,4.04605239,5.94078942,7.00657815,7.12499946,11.05263054,10.48026234,17.79999924,13.5,10.30000019
78500,4.91447301,6.6907896,6.43420995,7.30263099,5.76315747,6.82894707,4.57894743,4.69736784,4.59868401,5.24999991,4.69736829,7.93421031,7.61842041,9.45394635,12.27631509,12.5,12.5,10.5
79000,4.26315756,6.55263126,5.80263108,8.62499982,5.32894716,6.78947343,5.92105239,4.87499937,3.37499946,5.98026306,5.78289405,7.22368374,8.98026198,9.51315612,10.77631563,10,13,14.69999981
79500,4.55920995,6.55263081,6.49342059,7.73684085,5.50657824,4.91447343,6.67105167,5.48684166,3.45394737,6.74999892,5.70394725,4.8947364,8.74342023,8.84210496,11.92105203,8.899999619,10.69999981,12.69999981
80000,4.55920995,6.88815774,5.78289405,7.51973568,4.85526279,5.11184112,6.90789342,6.23684184,4.20394689,5.50657869,6.03947283,4.73684193,9.17763054,9.25657869,12.27631419,19,19.20000076,11.60000038
80500,4.42105248,5.88157833,5.68421022,6.69078873,4.38157842,5.42763054,5.64473703,5.05263135,4.59868401,4.93421004,6.21710478,5.4671055,8.01315756,8.84210319,14.4276309,9.199999809,18.29999924,9.100000381
81000,5.09210451,5.625,4.67763126,5.36842077,4.8947364,5.90131536,4.93421049,5.13157815,5.52631572,5.88157878,6.45394653,5.36842077,8.76315684,7.30263099,15.1578927,18.60000038,18.5,7.900000095
81500,5.26973649,5.66447319,3.65131593,5.70394725,5.92105239,6.37499883,5.15131518,4.77631554,5.66447319,6.71052576,6.69078873,5.26973604,8.05263162,7.59868383,15.09868383,13,10.30000019,7.900000095
82000,4.71710487,5.84210514,4.20394734,6.86842068,6.45394698,5.98026216,5.03289432,3.94736811,6.21710478,5.42763054,6.29605248,5.88157878,8.70394707,8.48684103,14.13157851,4.699999809,16.79999924,6.800000191
82500,4.20394689,6.80920959,4.85526279,6.96710409,6.96710409,5.70394725,4.59868401,3.96710514,5.3684199,5.88157833,4.61842059,6.49342014,8.42763126,9.33552681,13.08552681,7.199999809,11.69999981,15.60000038
83000,4.26315756,5.7828945,5.32894716,6.88815729,5.13157815,5.13157815,4.46052612,4.97368365,4.71710487,5.74342131,4.91447343,6.80921004,8.52631509,10.1052636,11.54605149,11.10000038,8.899999619,11.69999981
83500,4.53947334,5.48684166,5.64473568,6.47368356,5.01315774,6.1184205,5.23026288,5.36842077,4.71710532,6.80921004,5.66447361,6.41447292,8.17105203,9.90789414,11.07236712,7.599999905,19.79999924,15.30000019
84000,4.8947364,4.24342095,6.55263126,6.27631545,5.13157905,5.30921013,6.41447292,4.81578873,4.71710487,5.84210469,6.7697364,6.25657842,8.3881563,8.60526234,12.80920923,12.60000038,12.39999962,11.19999981
84500,5.13157905,3.6710523,5.50657824,6.07894689,4.95394707,5.60526252,7.02631518,5.62499955,4.75657896,6.07894689,7.61842131,6.84868275,8.09210391,8.68420959,13.16447139,12.69999981,15.80000019,10.5
85000,4.49999928,4.59868401,4.14473667,6.05920986,5.17105221,5.70394635,7.61842041,5.74342041,3.98684175,5.23026288,5.78289405,7.38157824,9.27631437,7.61842041,12.76973517,9.399999619,15.60000038,11.39999962
85500,4.51973631,5.11184157,5.5460523,6.1973682,5.8618413,6.1184205,6.80921004,6.19736775,4.87499982,5.96052603,6.55263126,7.91447283,9.17763054,7.87499874,14.62499856,7.800000191,11.89999962,7.800000191
86000,4.79605257,6.41447292,5.30921058,7.32236757,6.1184205,5.24999946,5.72368338,5.24999946,5.17105221,5.24999946,5.60526297,7.61842041,9.47368383,8.74342023,15.84868311,12,14.69999981,5.099999905
86500,5.05263135,7.26315648,6.63157896,6.65131509,6.88815729,5.42763099,6.23684139,4.67763081,4.26315756,5.60526297,5.26973649,7.2434199,9.82894599,8.09210478,14.15131419,16.29999924,20.39999962,9.600000381
87000,5.68421022,7.51973658,5.42763099,7.87499964,6.78947343,6.33552612,7.3421046,4.91447343,4.42105203,5.64473703,5.13157905,6.96710541,9.55263018,8.90131563,12.23684103,8.5,18.20000076,17.39999962
87500,6.09868347,7.77631491,4.49999973,9.49342041,5.3881578,7.36184121,7.57894725,4.71710487,4.63815807,5.98026216,5.94078942,6.61184103,9.19736802,9.76973622,11.54605149,17.5,21.10000038,5.5
88000,4.81578873,4.77631599,4.73684193,8.3881572,4.99342068,7.59868383,5.44736802,4.67763126,5.15131518,6.96710409,6.45394698,6.37499928,10.1052627,8.86184157,12.33552576,10.80000019,13,13.30000019
88500,3.86842131,4.48026315,4.77631554,9.33552504,5.60526297,8.58552486,5.8618413,5.17105221,4.44078906,7.75657833,6.47368356,6.19736775,10.65789432,10.34210355,11.19078846,10,11,15.69999981
89000,4.3223682,5.23026288,5.26973649,7.32236757,5.96052603,7.67763108,5.2894731,5.26973649,4.18420986,7.48026162,6.01973712,5.24999991,10.34210355,10.46052576,12.78947265,16.70000076,24.60000038,8.899999619
89500,4.59868401,6.11842005,5.68421067,7.69736676,5.23026288,6.47368356,5.19078882,5.50657869,4.5592104,5.40789486,5.98026306,6.39473631,10.20394743,10.16447157,11.88157797,11.5,11.60000038,13.30000019
90000,5.72368338,6.51315765,6.21710478,7.3421046,5.48684166,6.63157896,4.99342113,6.55263081,5.13157815,4.87499937,6.69078873,5.66447361,8.19078774,11.62499964,10.65789432,9.699999809,10.39999962,12.60000038
90500,5.76315702,6.96710451,7.22368374,7.79605239,5.38815693,6.03947283,5.84210469,6.25657887,5.40789396,5.64473658,6.31578864,5.74341999,7.63815702,12.63157635,10.59868365,8.600000381,11.30000019,12.19999981
91000,6.15789459,6.59210487,6.35526225,7.51973568,5.44736802,4.8947364,5.13157905,6.03947283,4.79605257,5.56578888,5.15131518,5.17105221,6.78947301,13.04605185,11.52631491,12,10.39999962,9.5
91500,4.32236775,3.9868413,6.09868347,6.13815711,5.21052585,5.50657869,4.36184184,6.07894689,5.21052585,6.49342059,6.21710478,4.5592104,7.55921067,10.5197364,12.5526309,5.5,24.29999924,8
92000,4.69736829,4.65789468,5.24999991,7.36184121,5.32894671,6.57236784,4.8157896,5.50657824,4.91447343,5.30921013,5.86184175,5.625,8.74342023,7.73684085,11.68420941,14.10000038,25.39999962,13.10000038
92500,5.42763054,5.50657824,4.48026315,7.30263099,5.5460523,6.57236829,5.86184175,5.05263135,4.73684193,5.78289405,6.05920986,6.47368356,8.40789378,7.12499991,10.77631563,13.60000038,10.80000019,12.60000038
93000,5.26973649,5.86184175,4.42105203,6.90789432,6.35526225,5.8618413,6.86842023,4.57894698,4.16447328,4.87499937,5.44736802,6.82894707,8.44736784,8.15131545,12.53289432,8,18.10000038,3.599999905
93500,3.88815747,4.85526279,5.52631527,6.45394653,6.98684112,5.56578888,6.31578864,5.4671046,3.98684175,4.34210478,4.65789423,6.31578864,7.22368374,8.64473553,11.96052432,7.300000191,26.70000076,12.69999981
94000,4.51973676,5.17105176,5.66447361,6.69078873,5.78289405,5.88157833,5.56578888,4.87499982,3.94736811,5.21052585,4.4802627,5.64473568,7.14473604,9.59210514,11.13157869,9.100000381,17.70000076,15.19999981
94500,5.05263135,6.01973667,5.54605185,7.46052549,5.36842077,6.23684139,5.64473658,5.58552549,3.67105275,5.66447319,5.36842077,6.17763072,6.80921004,11.26973568,12.13815807,10.19999981,18.89999962,11.10000038
95000,5.17105176,6.57236829,5.58552594,7.57894725,4.95394707,6.21710436,6.80921004,5.50657824,3.9078945,5.96052603,6.09868392,6.29605248,8.13157797,10.30263036,11.66447283,8.5,25.70000076,9.600000381
95500,4.40131545,7.51973568,6.45394653,8.32894653,6.55263171,6.63157806,6.6907896,5.26973649,4.04605284,5.15131518,6.74999982,6.15789414,8.32894563,10.34210442,11.38815612,11,26.5,5.699999809
96000,4.67763126,5.56578888,4.99342113,7.40131482,5.36842077,6.13815756,5.01315774,5.80263108,4.3223682,5.11184157,6.45394653,6.82894707,9.03947352,9.55263018,8.50657851,9.399999619,20.20000076,7.699999809
96500,4.67763126,4.8947364,3.96710514,7.8157881,5.64473658,5.76315702,5.03289477,5.88157878,5.19078882,4.97368365,5.96052603,6.17763117,8.26973676,8.62499892,8.17105203,10.69999981,16.39999962,11.69999981
97000,5.09210451,5.01315774,3.84868383,5.7039477,6.0394737,6.49342059,5.86184175,5.44736802,5.01315774,5.24999991,5.68421022,6.21710478,6.57236829,7.75657743,10.32236694,6.800000191,17.60000038,9.600000381
97500,5.13157905,4.26315798,4.44078951,5.82236811,6.6907896,6.65131509,6.27631545,4.61842059,4.44078951,5.94078942,6.11842095,6.13815756,6.7697364,8.52631509,12.21710355,17.10000038,37.20000076,15.60000038
98000,3.94736856,4.83552576,5.40789486,5.60526297,7.04605176,5.86184175,6.13815756,3.61184211,4.87499982,6.07894689,6.53289378,5.88157878,7.71710514,8.64473553,12.07894743,10.30000019,27.70000076,12.19999981
98500,4.00657878,5.2105263,5.21052585,6.01973712,7.38157869,6.15789414,6.01973577,4.22368392,5.62499955,5.84210469,6.1973682,5.90131536,8.21052612,9.25657779,10.73684157,18.70000076,22.20000076,11.19999981
99000,4.67763126,5.58552549,4.83552576,5.84210469,7.36184121,6.39473631,4.49999973,5.3881578,5.82236766,6.41447292,6.31578951,5.82236766,8.50657761,10.00657887,11.0921046,15.10000038,23.89999962,10
99500,4.28289414,4.77631599,5.4671046,6.55263126,6.43420995,4.73684193,4.59868401,5.72368338,5.32894671,5.58552594,5.76315702,6.98684157,9.41447319,11.30920977,13.34210514,10.10000038,16.70000076,14.10000038
100000,3.53289462,5.40789396,6.41447292,5.21052585,5.96052603,5.0526318,4.77631509,5.24999991,3.84868383,5.07236838,5.03289432,6.47368356,10.00657797,10.48026234,14.40789342,10,19.20000076,20.39999962
100500,4.12500009,6.35526315,6.49342014,5.15131518,5.84210469,5.07236838,4.49999973,5.70394635,3.78947361,5.52631572,4.95394662,6.57236784,10.77631563,9.09868419,15.29605149,13.80000019,23.79999924,7.900000095
101000,4.00657878,6.90789432,6.49342059,5.82236766,6.67105167,5.60526297,5.48684121,6.01973667,4.48026315,5.78289405,5.17105176,4.67763126,11.19078933,10.06578951,15.86842059,11.19999981,17.10000038,7.199999809
101500,3.78947361,6.35526225,5.36842077,7.08552585,6.29605248,5.92105194,5.64473658,6.76973685,5.60526297,5.90131536,5.32894761,4.12499964,10.59868365,10.28289378,16.48026108,19,27.10000038,7
102000,4.12500009,5.01315774,5.50657869,7.26315693,7.77631491,6.67105257,5.56578888,7.22368374,5.56578933,5.4671055,5.42763099,5.50657824,10.85526198,11.36841864,15.23684085,8.199999809,28,14.69999981
102500,4.77631509,6.1973682,6.15789414,7.10526243,7.32236802,5.96052603,5.70394635,6.31578951,5.72368338,4.44078906,5.13157905,5.62499955,9.61184085,12.868419,12.33552486,16.29999924,30.29999924,17.89999962
103000,4.99342068,6.1184205,5.15131608,7.73684175,6.29605248,7.00657905,5.74341999,5.01315774,4.85526279,5.24999946,5.625,6.01973667,10.42105167,11.96052612,12.3947364,13.89999962,40.5,12.19999981
103500,5.24999946,7.53947319,6.27631545,7.2631578,6.23684139,6.61184193,6.07894689,4.59868401,5.58552594,5.96052603,6.74999937,5.84210469,10.95394581,11.88157887,14.21052486,6,22.70000076,8.5
104000,4.30263162,6.49342014,6.05921076,7.57894635,6.7697364,6.1973682,6.80921004,4.87499982,5.36842077,7.24342077,7.46052594,6.65131509,12.09868221,8.21052612,15.31578897,17.10000038,17.79999924,12.39999962
104500,4.53947334,5.42763054,6.61184103,8.01315756,7.73684175,5.78289405,6.53289423,4.91447343,5.78289405,6.76973595,5.50657824,6.57236829,12.09868311,9.2171046,12.73026198,15,30.20000076,15.80000019
105000,4.57894698,4.65789468,5.19078924,7.93420941,6.31578864,6.13815756,5.50657824,4.65789468,5.07236838,6.55263126,5.90131536,5.99999964,11.50657743,8.54605167,10.32236694,14.69999981,24.79999924,13.30000019
105500,4.77631554,5.66447319,5.54605185,8.78289342,6.57236829,6.67105167,5.34868374,5.52631527,5.36842077,6.39473631,5.72368428,6.31578951,11.2499991,9.74999874,11.07236625,22.60000038,29.60000038,15.5
106000,4.59868401,6.1184205,5.72368338,6.47368356,6.69078873,6.03947283,5.68421067,5.88157833,5.01315774,6.17763072,6.29605248,6.63157896,10.6776309,9.78947283,12.45394617,24.89999962,28.39999962,18.20000076
106500,4.42105248,5.42763099,6.25657752,5.82236766,7.44078888,4.73684193,4.8947364,5.28947352,4.97368365,5.98026171,6.33552612,7.83552558,10.40131509,11.23026252,11.19078846,12.30000019,34.59999847,15.80000019
107000,4.71710487,5.32894716,6.29605158,5.4671046,8.01315756,4.5592104,5.52631527,5.66447319,4.81578828,4.75657851,4.67763126,7.14473649,11.94078864,11.34868383,10.51973553,18.29999924,21,9.699999809
107500,5.26973694,6.29605158,6.31578951,6.09868347,7.3421046,5.48684166,6.5131572,5.76315747,5.03289432,4.77631554,4.36184226,5.82236811,11.68420941,12.29605167,8.68420959,12.60000038,36.70000076,15.10000038
108000,4.9736841,5.52631527,4.97368365,6.59210487,7.99342095,6.15789414,7.46052594,5.24999946,5.23026288,4.95394707,4.65789423,6.01973712,11.36842131,11.11184031,9.67105149,14.5,28.39999962,20.60000038
108500,5.40789396,4.95394707,4.83552576,6.82894752,8.58552486,6.29605158,6.39473586,5.2105263,5.42763099,6.23684184,5.42763099,6.63157806,11.01315648,9.09868329,8.78289432,17.29999924,55.40000153,11.69999981
109000,5.24999946,5.21052585,5.82236766,7.12499946,7.97368347,6.78947301,6.19736775,5.09210451,4.5592104,6.65131464,4.77631554,6.00000009,11.2499991,8.13157797,9.23684121,10.39999962,18.79999924,18.20000076
109500,5.0526318,5.19078882,5.94078897,8.0723673,7.40131482,6.78947301,6.31578864,5.05263135,4.22368392,6.31578864,4.51973676,5.64473658,9.43420977,9.15789396,9.76973622,19.5,24,11.60000038
110000,4.77631554,5.34868419,5.15131608,7.38157869,7.28289486,7.04605176,6.37499928,5.94078897,4.30263117,5.60526297,5.3881578,6.39473586,9.5328945,9.6907881,9.90789414,18.89999962,37.5,12.10000038
110500,4.95394707,6.05920986,5.70394725,7.14473604,7.30263054,5.64473658,6.21710523,6.09868392,4.38157887,5.66447319,6.45394698,6.59210487,9.84868347,11.42763018,10.30263036,13.30000019,38,23.20000076
111000,4.42105248,6.05920941,5.78289405,7.00657905,7.85526216,5.52631527,6.74999937,6.07894644,4.48026315,6.31578951,7.3421046,5.54605185,9.92763072,10.93420923,9.59210427,14.60000038,35.70000076,19
111500,4.83552576,5.40789396,6.09868347,7.59868293,7.87499964,6.13815711,4.99342068,5.64473658,4.59868401,6.65131599,6.47368356,4.63815765,10.36184103,9.86842005,9.13815738,15,24.20000076,23.70000076
112000,5.34868374,5.13157905,5.66447361,8.58552486,7.28289396,6.61184103,5.60526252,4.85526234,4.34210478,5.7828945,5.8618413,5.72368338,11.46710337,10.63815684,9.57236766,11.10000038,48.5,15.39999962
112500,4.93421049,4.77631599,6.5131563,8.30920995,6.78947256,7.46052594,6.61184103,4.75657896,5.26973649,4.91447301,5.58552594,6.37499928,11.88157887,12.94736802,10.65789342,16,33.40000153,15.39999962
113000,5.07236838,5.86184175,7.02631518,6.15789414,5.90131581,6.51315765,6.86842068,4.67763081,4.51973631,4.42105248,6.43420995,6.23684139,12.31578828,13.73684226,10.04605203,20.10000038,40.29999924,8.800000191
113500,5.2894731,5.76315702,6.67105257,6.69078873,6.13815711,5.84210469,6.01973667,4.99342068,4.67763126,4.65789468,6.25657842,6.47368356,11.76315666,14.64473517,9.9473673,20.89999962,23.39999962,11.30000019
114000,5.26973649,6.39473631,6.17763117,7.18420923,7.12499946,6.17763072,6.5131572,5.30921013,4.8157896,5.05263135,5.36842077,6.7697364,12.98684031,15.13815702,11.80263072,15.69999981,27,23.39999962
114500,5.09210451,5.94078942,5.66447319,7.61842041,7.30263099,5.98026216,8.30920995,5.48684166,5.52631527,5.52631527,5.15131518,6.98684157,13.10526252,14.94078846,11.8223673,12.19999981,34.79999924,13.19999981
115000,4.83552576,6.27631545,5.56578888,7.77631581,8.26973676,7.44078888,8.19078864,4.91447301,3.73026318,5.17105221,5.76315747,7.30263099,13.48026126,13.87499928,9.29605098,19.29999924,56,9.199999809
115500,4.38157842,6.25657842,6.592104,8.62499892,7.30263054,8.11184139,8.2302627,5.15131518,3.61184211,5.01315774,5.23026288,5.54605185,11.26973568,13.59868257,10.42105167,18,28.10000038,9.800000191
116000,5.38815693,6.6907896,7.44078888,8.82236748,8.05263162,6.78947301,6.71052576,5.30921013,3.71052615,5.86184175,5.23026243,4.75657896,13.48026126,13.10526252,11.0921046,19.39999962,23.29999924,14
116500,5.50657869,6.41447292,7.6578945,9.11842077,8.28947247,6.57236829,6.92763135,3.96710514,3.94736811,5.2894731,4.42105248,5.23026243,11.9802627,14.01315807,12.2960508,21.70000076,27.89999962,20.79999924
117000,5.30920923,7.12499901,6.47368401,8.80263,9.03947352,5.92105239,7.51973568,4.63815765,4.16447328,4.53947334,4.67763126,5.92105239,11.46710337,12.73026198,14.62499769,15.60000038,23.20000076,13.60000038
117500,5.13157905,6.25657842,5.56578888,7.83552558,7.26315693,5.70394725,8.24999928,5.48684121,4.02631536,4.20394689,5.05263045,6.43420995,10.71710586,12.27631419,15.17763018,11.5,27.29999924,17.20000076
118000,4.63815765,5.60526252,4.53947334,7.83552558,7.40131482,6.11842005,9.03947265,4.38157887,3.84868383,4.83552576,5.17105221,6.67105167,12.41447301,13.18420977,17.64473499,16,30.70000076,9.699999809
118500,4.14473667,4.38157842,4.38157842,6.82894662,6.73026279,6.01973667,8.2302627,4.08552603,4.38157932,4.87499982,5.19078882,6.86842068,12.53289432,12.74999769,15.80920995,17.79999924,24.89999962,13.80000019
119000,4.22368392,5.07236838,5.28947352,8.32894743,7.14473604,6.05920986,7.42105185,4.4802627,4.99342068,5.17105221,4.73684193,6.09868347,12.9671046,14.23026144,12.23684103,28,18.79999924,15.69999981
119500,4.53947334,5.98026216,6.7697364,8.86184157,6.592104,5.42763099,7.12499946,5.92105194,5.40789396,5.92105239,5.50657869,4.8947364,13.91447334,13.24341864,13.34210337,14.39999962,27.5,16.5
120000,5.3881578,7.0855254,6.51315765,8.62499982,7.04605131,6.43420995,5.52631572,6.53289378,5.7039477,7.28289396,6.05920986,5.34868419,14.1710508,14.34868275,15.59210301,14.39999962,41,9.699999809
120500,5.30921013,8.52631509,5.94078942,9.47368293,8.30920905,6.09868347,4.75657896,6.39473586,5.68421067,7.08552585,5.90131536,4.83552576,12.9671055,12.80920923,18.27631296,10.19999981,32.70000076,13.39999962
121000,3.9078945,7.40131527,6.05920986,8.15131545,7.61842131,6.84868275,5.82236811,5.52631527,5.58552594,6.92763135,5.64473658,6.01973667,13.83552432,11.26973658,17.98026144,13.60000038,34.09999847,11.60000038
121500,3.86842086,6.80921004,6.88815729,6.80921004,7.51973568,6.86842023,6.90789477,5.92105194,5.42763099,6.49342014,5.54605185,5.86184175,14.4276309,12.98684211,19.83552396,20.10000038,29,12.60000038
122000,4.71710487,4.83552576,6.01973577,6.94736838,6.67105167,6.78947343,6.53289378,4.97368365,4.06578897,5.70394725,6.65131509,7.38157779,12.65131383,12.82894491,20.15131473,15.69999981,19.10000038,22
122500,4.12499964,4.67763126,5.42763099,7.69736766,7.46052549,7.18421013,6.51315765,4.59868401,4.10526306,5.98026216,7.14473604,7.48026252,13.73684049,14.23026234,20.28946995,29.39999962,33.70000076,9.100000381
123000,4.34210523,5.66447406,6.15789414,7.89473622,6.43420995,6.25657842,6.63157896,5.30921013,4.38157842,5.17105221,5.66447319,7.42105185,13.30263018,15.4736817,22.36183941,13.39999962,32.70000076,16.70000076
123500,4.8947364,6.78947301,6.57236784,7.85526216,5.88157833,6.33552612,7.8157881,5.11184157,4.75657806,4.34210478,5.05263135,7.18421058,14.96052594,14.70394581,21.33552789,20,32.70000076,13.19999981
124000,4.59868401,6.7697364,7.61842041,6.73026234,5.66447361,5.48684121,6.67105257,4.38157887,3.53289462,5.62499955,5.11184157,7.28289486,15.80920995,16.38157905,21.67105437,26.79999924,49.79999924,16.89999962
124500,5.09210451,6.90789342,7.44078933,6.23684226,6.45394698,5.36842077,7.00657905,4.26315756,3.76973658,4.91447343,5.44736757,7.44078888,14.54605044,14.96052504,22.99342095,15.39999962,26.5,19.89999962
125000,4.53947334,6.09868347,6.74999937,6.2763159,7.20394671,4.77631509,6.92763135,4.50000018,4.87499982,4.63815765,5.09210451,8.13157797,14.92105098,14.03289288,21.25657617,15.89999962,26.60000038,12.60000038
125500,3.82894725,6.25657887,6.76973595,6.59210487,7.81578897,6.33552612,7.2434199,4.93421004,5.09210451,5.92105239,4.97368365,6.51315765,13.49999874,14.38815684,24.7894746,17.70000076,20.10000038,14.60000038
126000,4.08552603,5.625,5.62499955,6.80920959,9.33552594,6.57236784,6.74999892,5.40789396,5.01315774,5.38815693,4.5592104,5.99999964,14.23026144,14.80263324,29.03290092,7.800000191,15.30000019,14.89999962
126500,3.9078945,6.65131509,5.60526297,7.40131482,7.67763198,7.49999955,6.71052576,5.50657824,5.36842077,5.52631527,5.13157905,5.80263198,14.26973553,13.20394635,26.36842848,21.70000076,21.5,19.29999924
127000,4.04605239,5.84210514,6.31578864,6.31578864,6.59210487,6.61184193,7.57894725,5.84210469,6.05920941,6.41447247,6.25657887,6.57236784,13.6973673,15.80920995,29.17106331,15.69999981,19.89999962,14.10000038
127500,4.65789423,5.99999964,7.22368374,7.73684085,7.22368419,7.46052549,7.10526288,5.32894716,5.99999964,7.28289351,6.57236784,5.78289405,15.33552468,15.29605149,28.83553146,15.69999981,26.39999962,13.19999981
128000,4.83552576,6.1973682,7.40131527,8.17105203,7.51973568,6.8486841,6.78947301,4.85526279,5.07236748,6.5131572,5.60526297,5.76315702,15.78947247,16.40131473,24.11842167,22.70000076,22.5,12.39999962
128500,4.93421049,6.33552612,7.14473604,8.56578915,8.70394617,7.61842041,6.69078873,4.48026315,4.77631599,3.94736811,5.5460523,5.72368338,16.91447139,15.49341918,22.93421031,32.09999847,33.09999847,13.30000019
129000,5.0526318,7.77631491,8.01315666,9.61184085,8.76315684,6.25657887,7.49999865,5.58552594,5.01315774,4.75657851,5.56578888,6.17763162,16.34210409,15.49342095,23.28947247,12,40,15
129500,5.36842077,7.14473649,5.74342041,9.67105149,6.63157806,6.27631545,8.15131545,6.13815711,4.6381572,5.52631527,6.35526315,6.41447334,16.65789486,15.31579077,22.24342167,14.39999962,27.89999962,15.19999981
130000,5.32894671,6.21710478,4.48026315,8.01315756,5.94078942,5.42763099,8.21052522,6.88815774,3.9868422,5.96052603,6.47368356,6.45394698,16.22368455,17.4473691,24.07894851,23.70000076,26,10.19999981
130500,4.99342113,4.77631509,5.5460523,8.24999928,5.96052603,5.68421022,8.15131455,6.05920941,4.71710487,6.1973682,6.05920986,6.21710523,13.87500018,15.37499964,26.9210601,10.5,25.10000038,10.80000019
131000,4.83552576,5.34868419,6.17763117,8.92105221,7.75657833,5.36842122,7.46052594,6.71052531,4.51973631,5.40789396,6.47368356,6.47368356,12.57236838,17.28947103,22.89474069,21.60000038,39.5,18.20000076
131500,4.51973631,6.45394653,7.1644731,9.1184199,7.53947319,5.03289432,6.41447292,6.63157806,4.10526261,5.50657824,5.64473658,6.8486841,12.05921085,15.17763198,28.06579827,13.10000038,22.10000038,16.20000076
132000,5.13157905,7.61842041,7.67763018,9.49342041,7.91447283,5.50657824,5.24999946,5.15131518,3.80921022,5.96052648,6.11842095,5.94078942,10.8355263,13.75657797,28.38158547,19.29999924,20.5,20.89999962
132500,4.85526279,6.96710541,6.92763135,8.24999928,7.40131527,6.74999892,7.10526243,4.87499937,3.9868422,5.68421022,6.92763045,5.32894716,10.53947301,14.64473874,24.2171073,9.899999619,16.89999962,17.39999962
133000,4.61842059,5.90131536,8.17105113,8.32894743,7.48026252,6.57236694,7.08552585,5.80263108,4.8157896,5.13157815,5.3881578,4.8947364,10.89473604,14.66447712,22.97368704,14.5,30.29999924,17.10000038
133500,4.69736829,4.95394707,6.29605158,8.32894653,7.24342077,6.03947283,7.59868383,5.42763099,4.75657806,5.70394725,5.42763099,5.66447319,11.44736676,14.88157959,19.81579005,12.5,13.60000038,11.89999962
134000,4.99342068,5.64473658,6.01973577,7.97368347,7.3421046,5.76315747,6.13815756,4.65789423,4.59868401,6.33552612,6.09868392,5.66447361,11.26973658,15.53289591,22.0263183,15.60000038,25.60000038,20.70000076
134500,5.07236838,6.37499928,5.62499955,7.28289396,7.06578882,5.66447361,7.53947229,4.57894698,4.5592104,7.36184166,5.42763054,6.94736703,11.76315756,16.48026465,19.75657581,15.5,35.90000153,23.5
135000,5.74342041,5.4671055,6.09868392,8.40789378,7.18421013,5.44736802,7.1644731,5.21052585,4.4802627,5.96052603,5.5460523,7.12499991,12.00000018,16.53946995,22.5,14.89999962,40.20000076,19.70000076
135500,6.01973712,5.34868374,6.33552657,7.0855254,6.98684157,6.51315765,7.51973658,6.21710478,5.30921013,5.30921013,4.93421004,6.69078873,12.29605167,17.84210265,25.04605473,13.80000019,23.20000076,33
136000,6.39473631,5.44736757,6.76973595,7.4210523,6.67105257,6.21710478,5.50657824,5.07236838,5.11184244,6.09868347,5.56578933,7.20394581,14.15131689,17.9210508,24.27631974,17.39999962,38.59999847,18.70000076
136500,6.39473631,5.21052585,6.98684112,7.53947319,6.03947283,5.24999946,6.21710478,5.5460523,4.73684193,6.15789414,6.25657842,7.14473604,12.37499982,16.63815738,23.23026537,9,26.89999962,14.30000019
137000,5.4671046,4.73684193,6.2763159,9.00000036,5.42763189,5.30921013,5.56578933,5.62499955,4.44078906,5.40789486,6.19736775,8.0723673,13.79605203,17.38815666,25.16447784,9.399999619,35.70000076,11.89999962
137500,4.1644737,5.84210469,5.09210451,9.88815756,6.09868392,6.25657887,6.37500018,6.4342095,4.22368392,5.13157905,5.17105221,8.66447301,15.19736766,17.38815666,20.68421244,11.89999962,31.89999962,22.10000038
138000,4.10526306,6.51315765,6.35526225,9.05921013,6.37500018,6.88815774,5.60526297,6.78947301,4.26315756,5.62499955,5.86184175,7.36184121,16.63815738,18.07894527,21.11842275,7.800000191,39.70000076,21
138500,4.49999928,6.13815756,7.18420923,7.36184121,6.71052576,7.79605149,4.34210478,6.63157806,4.93421049,5.56578933,6.45394698,8.0723673,16.18420959,19.18421031,23.01316023,11.5,23.10000038,19.20000076
139000,5.82236811,5.42763189,7.99342005,7.02631518,8.15131455,6.17763162,5.74342041,7.16447352,4.18421076,4.71710532,7.04605176,8.0723673,14.78289306,19.08552648,24.41447319,11,21.5,13.69999981
139500,5.76315702,4.8157896,7.5,6.07894689,7.91447283,5.50657824,5.88157833,6.53289423,3.82894725,5.5460523,5.44736802,8.15131545,15.59210301,17.70394743,28.2236874,7.900000095,19.79999924,16.39999962
140000,5.40789486,5.4671055,7.44078888,6.09868347,8.2302627,5.48684166,7.83552558,6.01973667,4.67763081,5.70394725,4.73684193,7.55920977,14.86184121,17.09210514,32.70395637,11.30000019,32.20000076,20.10000038
140500,5.24999946,5.68421067,8.03289414,6.5131572,6.96710451,4.83552576,7.1644731,4.22368392,5.36842077,6.55263081,5.74342131,6.29605158,13.71710478,16.6184199,33.94738197,12.80000019,32.79999924,14.10000038
141000,4.51973676,7.40131527,6.59210532,7.83552558,7.85526306,5.66447319,6.82894707,4.42105248,4.97368365,5.82236811,6.0394737,4.55920995,13.73684049,16.83552681,35.48685552,8.899999619,29.70000076,29
141500,4.48026315,7.85526216,6.0394737,8.78289432,7.44078846,5.44736802,5.86184175,4.87499937,4.61842059,5.42763099,6.07894689,4.14473667,13.06578846,18.63157869,37.08554148,15.19999981,35.90000153,18.79999924
142000,4.65789468,7.30263054,7.06578882,9.23684121,6.98684112,5.01315774,5.60526252,4.5592104,5.44736757,5.90131536,4.30263117,4.91447301,14.28947301,16.38157725,30.39474606,13,36.90000153,19.39999962
142500,4.95394707,6.1184205,8.03289324,9.57236766,5.82236766,4.38157932,5.60526297,4.91447301,6.25657842,6.49342059,4.40131545,6.63157806,14.8421046,14.94078846,28.57895316,16.70000076,35.70000076,18.60000038
143000,5.01315774,6.41447292,6.90789477,8.19078864,6.65131509,4.6381572,5.70394725,4.99342068,5.88157833,6.69078873,5.13157905,7.63815702,14.76315738,14.40789432,24.80921388,11.5,42.09999847,24.5
143500,5.15131518,6.23684226,6.88815729,8.11184226,7.97368257,6.09868347,6.61184235,4.97368365,6.57236829,6.13815756,5.2894731,7.46052549,14.36841846,14.19078828,25.40132403,13.60000038,21,13.80000019
144000,5.13157905,5.50657869,5.60526252,6.8486841,8.34868311,6.27631545,7.22368464,5.66447361,5.80263108,6.37499883,6.61184103,5.625,15.55262982,16.91447319,27.05921709,10,29.29999924,23
144500,5.66447319,5.50657824,6.37499928,7.00657815,7.53947319,6.1973682,5.52631527,6.1973682,3.61184211,7.18421013,6.07894689,6.01973577,16.55920743,16.51973784,27.27632226,18.5,31.39999962,16.39999962
145000,4.73684193,4.59868401,6.00000009,6.37499928,7.61842041,6.21710478,5.50657869,4.67763081,3.92763153,7.02631518,6.98684112,5.96052603,14.54605221,16.73684121,25.75658262,14.30000019,20.20000076,13.69999981
145500,5.15131518,5.24999946,6.67105257,6.11842005,7.32236757,6.29605158,5.76315747,4.55920995,4.93421049,6.73026279,6.17763117,6.76973595,15.94736874,18.45394671,27.7500075,13.89999962,25.70000076,15.19999981
146000,5.32894716,5.92105239,6.17763117,5.94078897,8.74342023,6.05920986,5.3881578,4.44078951,5.26973649,5.36842077,6.23684226,7.12499946,16.04605437,16.48025931,26.68421565,15.80000019,25.60000038,15.60000038
146500,5.34868374,6.07894689,6.21710478,6.55263126,8.46710442,5.54605185,4.65789468,4.59868401,4.4802627,4.65789423,6.23684139,7.85526216,17.26973712,18.3355254,26.26974105,19,32,9.800000191
147000,5.11184157,5.92105194,5.48684166,6.27631545,7.3421046,5.11184244,4.65789423,4.57894698,4.87499982,4.91447343,4.53947334,6.73026234,17.21052648,17.09210694,28.65790128,16.10000038,28.89999962,18.10000038
147500,4.44078906,6.82894707,5.98026216,6.63157896,6.86842023,4.02631581,5.15131518,4.95394662,5.01315774,5.4671046,5.17105221,6.59210487,14.98026342,20.28947532,21.29605473,9.699999809,22.70000076,17.89999962
148000,4.57894743,6.84868365,6.88815729,7.38157824,7.2631578,4.99342068,5.21052585,4.71710487,5.56578933,6.33552612,6.01973667,6.45394653,16.875,21.01973892,21.51315807,8.699999809,17.79999924,8.199999809
148500,5.01315774,6.82894662,6.49342059,8.32894563,7.75657833,5.36842077,5.62499955,5.28947352,4.40131545,4.16447283,6.2763159,7.38157869,19.02631581,24.82894779,19.95394527,14,24,25.89999962
149000,4.71710487,6.35526225,6.63157896,8.76315774,7.4210523,6.03947283,4.99342113,5.52631527,4.61842104,4.77631509,6.19736775,7.14473517,20.64473568,23.84210409,20.48683941,12,37.40000153,10.60000038
149500,4.4802627,6.21710523,6.55263126,7.42105185,6.5131563,5.74341999,5.56578933,5.09210541,3.94736811,6.21710478,5.48684166,7.06578837,20.13157905,23.74341846,23.88157905,15.30000019,44.70000076,23.70000076
150000,5.30921013,7.24342077,6.15789459,7.2434199,6.1184205,5.3881578,4.71710487,5.11184157,4.18420986,6.86842023,5.56578888,7.89473622,21.98684691,24.47368206,26.17105008,8.899999619,25.70000076,19.20000076
150500,5.07236748,5.78289405,5.30921013,7.8157881,6.73026234,4.87499937,5.23026243,4.42105248,4.87499937,5.40789396,5.99999964,7.20394716,22.73684262,19.50000285,27.43421136,14.69999981,26.20000076,17.20000076
151000,6.1184205,6.1184205,5.96052603,7.6578945,6.55263081,4.26315756,5.19078924,4.71710487,5.30921058,4.8947364,5.58552594,8.3881572,21.29605473,18.39473784,29.80263234,6.900000095,38.79999924,17.79999924
151500,5.68421022,5.82236811,6.45394698,7.85526216,6.55263126,4.50000018,6.4342095,5.34868374,5.92105194,5.17105221,5.07236748,7.67763018,21.21710838,20.92105329,32.01315879,6.900000095,25,13.69999981
152000,5.84210469,6.07894644,6.73026234,7.44078846,6.80921004,5.01315774,6.63157896,4.48026315,6.17763072,5.50657824,4.10526306,7.61842041,22.0263183,22.87500144,32.66448141,6.800000191,22.39999962,27.29999924
152500,4.9736841,6.71052576,7.12499991,6.92763135,6.84868365,5.15131518,7.12499901,4.59868401,5.44736802,6.33552612,5.13157815,5.28947352,22.20394851,24.01973964,33.84869457,6.300000191,16.70000076,17.29999924
153000,4.99342113,6.17763117,7.20394716,5.52631527,7.83552558,5.05263135,6.84868365,4.69736784,5.62499955,6.15789414,5.26973649,6.1184205,19.63815987,23.19079221,35.60527326,9.800000191,20.39999962,19.79999924
153500,5.01315774,6.78947301,6.78947301,6.03947283,7.71710427,5.70394725,7.46052639,5.40789396,5.23026288,6.41447292,5.36842077,6.94736748,15.05920887,22.20395028,32.58553506,8.600000381,22.70000076,14.80000019
154000,5.64473568,5.99999964,5.60526297,6.86841936,7.53947319,5.98026216,6.80921004,5.68421022,4.26315756,6.09868347,5.3684199,5.74342041,14.76315558,22.99342632,28.67764236,7.099999905,13.5,8.5
154500,5.92105239,5.80263108,5.70394725,8.32894563,7.30263099,7.0065777,6.63157806,6.23684184,4.40131545,5.92105239,5.17105221,4.51973631,15.76973499,21.71053113,26.48684442,10.39999962,27.79999924,20.79999924
155000,5.64473568,6.69078873,5.5460523,8.24999928,7.8157881,6.78947301,6.6907896,5.90131536,5.48684166,5.48684166,6.23684139,5.50657869,18.0197382,23.38816524,26.52632295,6.199999809,22.70000076,26.39999962
155500,5.94078942,7.87499964,6.29605293,6.92763045,7.2631578,7.14473604,7.40131527,5.26973649,5.70394725,6.09868392,6.88815774,6.07894689,17.90131689,24.01974141,27.31579005,9.5,18.20000076,15.80000019
156000,5.84210469,8.86184157,6.13815756,6.1973682,7.49999955,7.61842041,7.59868383,5.4671046,6.1973682,5.26973604,6.55263126,7.42105185,16.00658118,25.48026501,27.75000036,8.199999809,32.79999924,11.69999981
156500,4.81578873,8.70394707,5.82236811,6.13815756,6.73026234,7.22368374,6.55263081,5.94078897,5.98026306,6.3552636,5.94078942,7.73684085,17.90132046,25.32236874,24.80921388,6.199999809,12.89999962,26.70000076
157000,4.08552603,8.72368455,7.48026297,7.20394716,7.48026162,6.5131563,5.26973649,6.35526315,6.01973712,6.5131563,6.45394698,6.57236829,19.75658118,26.3486892,23.1710583,8,19.89999962,18.60000038
157500,4.63815765,5.80263108,6.61184193,6.05920986,8.94078792,6.31578864,6.09868392,6.57236829,6.01973667,6.23684139,7.40131482,6.73026279,19.04605686,27.15789915,24.94737624,10.39999962,19.70000076,28.20000076
158000,4.79605257,6.7697364,7.06578882,7.69736766,7.59868383,5.34868419,6.9276318,5.72368428,5.26973649,5.44736802,7.99342095,5.98026216,20.74342488,26.13158406,25.46053113,8,19.39999962,16.89999962
158500,4.83552576,4.99342068,5.94078897,7.44078846,8.01315756,5.82236766,7.75657743,4.59868401,4.40131545,4.75657896,7.24342077,5.90131536,21.07895316,27.96711267,29.03289915,9.300000191,19.29999924,33.40000153
159000,4.18421031,5.82236811,7.10526333,8.0723673,7.40131527,6.47368401,7.32236757,5.40789396,4.51973631,5.64473658,6.61184103,7.08552585,20.52631974,33.09869169,31.63816809,10.39999962,16,12.89999962
159500,4.53947334,5.96052603,6.80921004,8.24999838,7.38157824,7.46052639,6.84868365,4.71710487,4.67763171,5.80263108,5.88157833,7.2631578,20.56579293,31.34211303,31.08553647,10.5,12.69999981,23.60000038
160000,4.20394689,6.49342014,6.73026279,7.67763018,5.80263063,5.99999874,7.24342077,4.49999973,4.20394689,5.30921058,5.42763099,8.40789378,23.03289951,31.95394992,27.88815915,9.800000191,23.29999924,20.10000038
160500,4.59868401,5.84210469,6.19736775,8.68420959,6.19736775,5.60526252,7.28289351,4.71710487,5.11184157,5.40789396,4.67763126,8.2302627,23.82237375,29.74343061,24.37500537,7,23.39999962,17.60000038
161000,4.65789468,5.38815693,5.70394725,7.89473622,6.47368356,5.30921013,5.96052603,4.75657896,4.8157896,5.01315774,5.17105221,8.44736784,22.46052681,21.57237231,28.16448033,7.900000095,21.79999924,20.5
161500,5.42763099,5.36842077,4.59868401,6.96710451,7.18421013,5.44736757,5.07236838,4.61842059,4.02631581,4.14473667,5.3881578,7.97368347,22.5986874,21.69079722,26.66448177,14.30000019,35.79999924,10.5
162000,5.23026288,5.76315747,4.22368392,7.22368419,6.74999937,5.80263108,6.15789414,4.69736784,4.8157896,5.17105221,6.11842005,7.30263099,24.80921388,18.07894887,30.41448354,14.5,8.300000191,14.69999981
162500,5.62499955,6.31578864,4.36184184,6.23684139,6.78947301,5.17105221,6.01973667,4.93421049,4.87499937,4.8947364,5.96052603,5.7828945,25.65789879,21.75000429,31.73685552,13.39999962,24.89999962,22.39999962
163000,4.34210478,6.51315765,5.78289405,7.38157824,7.20394671,5.11184244,6.63157806,4.59868401,5.09210451,5.19078924,4.87499937,5.07236838,26.52631938,23.30921352,37.59869814,16.70000076,18.10000038,20.70000076
163500,4.46052612,6.25657842,6.5131572,6.76973595,6.55263126,5.78289405,5.96052603,3.94736811,5.625,7.04605221,4.71710487,5.60526252,25.16447784,25.08553326,32.01316596,6.400000095,17.20000076,25.89999962
164000,4.71710487,5.92105194,7.6578945,7.22368374,7.20394716,5.58552594,6.01973577,4.53947334,5.11184157,7.20394671,4.65789468,5.74342041,26.60526753,24.86842632,33.27632547,14.80000019,23.20000076,27.70000076
164500,4.69736829,5.68421067,7.57894725,7.73684085,7.83552558,4.57894698,5.30921058,4.8947364,4.91447343,6.61184058,4.28289459,6.69078828,25.63816668,24.49342311,28.73684943,14.69999981,27.70000076,22.89999962
165000,4.71710487,5.74342041,7.83552558,6.65131509,7.24342077,6.07894644,6.94736703,5.13157815,4.73684193,5.4671055,5.2894731,6.35526225,27.09869205,24.43421424,20.0526327,11.5,20.79999924,33.90000153
165500,4.69736829,5.07236748,8.46710442,7.02631428,6.98684112,6.15789414,6.31578864,5.36842122,4.28289459,5.84210469,4.71710487,6.17763117,27.63158619,26.25000537,20.84210514,10.69999981,24,20.10000038
166000,4.81578873,5.48684253,6.69078873,8.05263072,6.31578819,6.35526225,6.84868275,5.05263135,4.67763081,5.56578888,5.60526297,6.33552612,26.96053683,26.23026789,23.74342383,11.10000038,22.60000038,24.70000076
166500,5.24999946,5.64473568,5.44736802,7.77631491,5.98026351,4.75657851,5.64473658,4.67763126,4.85526279,5.82236766,5.26973649,5.94078897,27.19737768,26.84211195,25.73684691,8.800000191,19.10000038,20.89999962
167000,4.50000018,6.27631545,5.9407881,7.38157824,6.67105167,5.0526318,5.80263063,3.98684175,5.17105221,6.05920941,4.83552576,6.2763159,28.26316596,22.46053398,27.96711087,11.30000019,26.29999924,18.39999962
167500,4.6381572,6.27631545,6.15789414,6.13815756,6.19736775,4.51973631,5.26973649,4.42105248,5.42763054,5.76315747,4.46052612,6.63157896,29.6250111,22.93421925,29.64474321,14.10000038,24.10000038,14.80000019
168000,4.73684148,7.00657815,7.30263054,6.86842023,6.78947301,5.17105221,6.0394737,5.11184157,5.09210451,5.74342041,4.8947364,6.73026234,23.70395781,21.39474393,26.66447997,14,35.70000076,17.20000076
168500,5.44736802,7.2631578,7.02631518,7.0855263,7.91447283,5.66447319,6.29605158,4.85526279,4.77631554,5.66447319,5.56578888,6.5131572,23.21053326,20.50658583,26.78289951,12.10000038,28.79999924,21.39999962
169000,4.75657896,5.94078942,7.75657923,8.42763126,7.61842041,5.64473658,7.02631518,5.15131518,4.24342095,5.32894716,6.41447292,5.38815693,24.37500894,23.07237624,24.80921925,6,24.79999924,20.10000038
169500,5.11184157,4.53947334,8.13157887,7.93420941,8.03289414,6.07894689,7.34210418,5.03289477,4.36184139,5.94078897,5.8618413,5.68421022,26.25000894,22.91448177,28.71711195,10.30000019,24.29999924,23.20000076
170000,5.11184157,4.91447343,5.84210514,7.55920977,5.70394635,5.99999964,6.90789432,4.51973676,4.57894743,5.30921013,6.21710478,5.42763054,26.17106079,22.24343061,29.07237768,12.89999962,16,12.60000038
170500,5.23026243,4.59868401,4.67763081,6.25657842,5.72368338,5.86184175,5.42763054,4.49999973,4.77631509,5.94078942,5.7828945,6.78947343,27.80922174,21.8684274,30.25659084,7.800000191,28.60000038,15.80000019
171000,4.49999973,5.4671046,5.82236811,7.06578882,5.78289405,5.96052648,5.4671046,4.5592104,4.49999973,5.94078897,5.98026306,6.05920986,26.80264056,22.57895529,31.08554364,15.60000038,31.70000076,21.70000076
171500,4.59868356,6.01973577,6.53289378,6.74999982,6.82894707,6.98684244,6.29605158,5.23026288,3.51315759,6.19736775,5.82236811,7.51973568,26.96053326,23.64474534,29.6250093,7.599999905,21.89999962,8.600000381
172000,5.17105221,7.2434199,7.10526288,8.11184139,7.79605149,7.85526306,6.84868365,6.98684157,4.26315756,5.99999964,5.42763099,7.40131527,27.43421853,21.35526897,30.49342632,16.70000076,31.60000038,24.70000076
172500,4.99342068,6.74999937,5.56578933,7.61842041,8.44736784,7.61842131,6.67105167,7.46052594,4.83552576,5.48684253,5.68421067,6.69078873,28.77631902,20.05263447,32.40790485,9.600000381,33.29999924,14.5
173000,5.98026306,7.1644731,6.05920986,8.03289324,8.62499982,6.19736775,5.8618413,6.98684157,5.05263135,5.82236721,6.31578951,6.96710451,30.65132619,21.51315987,34.83553647,10.30000019,18,14
173500,4.71710487,6.73026234,7.06578882,7.77631491,8.26973499,4.71710487,4.38157887,4.61842059,5.13157905,5.94078897,6.37500018,7.06578882,33.00000786,20.48683941,32.42763876,13.19999981,12.5,15
174000,3.11842113,6.69078873,7.2631578,7.22368374,6.71052531,3.94736811,5.30921013,4.4802627,4.44078906,5.94078897,5.78289405,6.67105167,31.53948426,21.43421172,34.81579899,10.39999962,17.39999962,16
174500,3.53289462,6.41447292,7.32236757,8.66447301,5.88157833,4.26315756,5.94078897,5.26973649,4.77631554,6.92763135,6.09868347,6.37499928,31.0855329,25.44079362,33.31580043,13.5,14.69999981,21.60000038
175000,3.9078945,5.82236721,6.03947283,6.55263081,6.31578864,4.75657806,5.66447319,6.17763117,4.95394707,6.57236694,5.99999964,7.00657905,31.73685192,26.21052861,29.92106259,6.5,17.89999962,12
175500,3.96710469,5.86184175,5.68420932,6.94736838,6.09868392,5.09210451,5.23026288,6.0394737,5.44736757,7.14473649,5.92105194,7.38157824,29.28948282,22.87500144,26.36843205,13.5,26.5,15.10000038
176000,3.9868422,6.1184205,5.64473658,6.45394698,6.80920959,5.28947352,6.76973595,5.13157815,5.5460523,6.61184193,5.32894716,7.63815789,30.61185123,18.11842203,25.63816845,14.5,22,20
176500,4.26315756,5.80263108,6.23684184,7.48026252,7.32236757,5.4671055,6.09868302,4.65789423,5.64473658,7.28289351,5.72368473,7.1644722,30.27632118,14.98026252,27.37501143,11.89999962,14.80000019,24.20000076
177000,4.57894698,4.65789423,6.96710451,7.6578945,6.96710451,5.17105221,6.55263126,4.83552576,5.48684166,6.7697364,6.01973712,7.06578882,28.55921565,15.92763126,28.99343313,17.60000038,15.69999981,26.39999962
177500,4.46052612,4.04605239,7.81578897,6.88815774,7.22368374,4.93421049,5.52631527,5.2894731,5.15131518,6.01973667,6.57236784,7.49999955,28.55921388,14.05263216,29.42764521,12.10000038,18,14.60000038
178000,4.53947334,5.48684166,7.40131527,4.44078906,5.48684166,5.15131608,5.74342041,5.21052585,4.99342113,6.25657887,6.11842095,8.11184139,30.27632118,14.86184211,33.01975251,10.69999981,17.5,21.79999924
178500,4.16447328,5.42763054,6.55263081,5.38815693,5.80263063,5.54605275,5.92105239,4.50000018,5.21052585,4.75657896,6.13815756,6.88815774,31.85527326,18.82894815,31.83553935,11.10000038,24.29999924,17.70000076
179000,4.42105248,5.80263063,7.12499946,5.50657824,6.74999937,5.01315774,5.60526297,4.61842059,5.72368338,5.98026216,6.31578951,5.72368428,32.58553506,20.1513183,30.11843205,9.600000381,18.60000038,16.70000076
179500,5.05263135,5.11184157,7.3421046,6.07894689,6.43420995,5.21052585,6.59210487,5.34868374,6.6907896,5.13157905,6.41447292,5.66447319,33.75001074,19.28289951,30.37500858,12.5,19.20000076,21.5
180000,5.56578888,6.05921076,6.29605248,5.66447361,7.97368347,5.11184112,7.48026252,5.21052585,6.17763162,5.92105194,7.36184121,7.2631578,34.4210601,20.40789843,30.73027611,16.39999962,14.39999962,21.29999924
180500,5.42763099,5.86184175,5.5460523,6.09868347,8.30920905,5.03289477,7.69736856,5.84210427,5.32894671,5.40789396,7.67763018,8.3881572,33.96711231,23.03290128,29.17106151,9.199999809,16.20000076,20.70000076
181000,4.71710532,5.64473658,5.32894716,5.78289405,7.1644731,4.93421004,7.91447283,6.41447292,5.48684166,5.88157878,7.4210523,8.48684193,34.26316737,22.16448069,31.55922174,11,24.10000038,33.90000153
181500,3.78947361,4.49999973,5.64473658,5.42763054,6.92763135,5.32894716,6.59210487,5.5460523,5.26973649,6.15789414,6.29605248,6.86842023,36.78948282,21.41447784,33.76974822,21.5,13,15.5
182000,4.46052657,4.28289459,5.92105239,4.91447343,6.13815756,4.51973631,6.25657842,5.26973649,3.73026297,6.31578951,4.46052612,6.94736748,37.53948213,24.17763771,33.67106439,22.79999924,24.39999962,22.20000076
182500,4.69736784,4.87499937,6.07894644,5.50657824,5.52631527,4.10526306,6.55263171,5.56578888,3.96710514,6.84868275,5.36842077,7.30263099,40.18422246,21.01973892,30.39474249,14.5,13.69999981,13.39999962
183000,4.04605239,5.76315702,7.04605176,5.32894716,6.37499928,5.0526318,6.49342059,5.2894731,4.4802627,5.70394725,4.22368392,6.65131509,41.03290914,19.9934256,28.10526789,12.69999981,11.39999962,25.79999924
183500,4.22368392,6.8486841,7.26315693,5.98026216,6.41447334,6.05920986,5.90131536,5.42763189,4.59868401,5.90131536,4.83552576,6.59210532,39.9276495,21.59210979,23.62500249,22.5,21.70000076,16.29999924
184000,4.87499937,5.48684166,7.75657923,5.64473658,5.50657869,5.98026216,4.77631509,5.01315774,4.93421004,6.5131563,5.03289432,4.91447343,37.40133048,17.9605329,27.4934274,9.399999619,25.10000038,18.70000076
184500,5.62499865,6.25657842,6.39473631,7.44078888,5.74341999,6.51315765,4.65789423,5.32894716,4.65789423,7.71710514,5.36842077,5.05263135,37.9539585,19.9934274,27.82895208,17.10000038,24.89999962,15.19999981
185000,4.73684193,6.4342095,5.90131536,8.44736784,5.76315747,5.05263135,5.21052585,5.50657824,4.67763126,6.84868365,5.88157788,5.17105221,42.07895637,21.49343313,28.61842632,9.399999619,23.89999962,22.70000076
185500,4.24342095,6.74999982,5.68421067,8.21052612,6.67105167,5.42763099,5.42763054,4.99342068,4.48026315,6.49342059,6.63157896,6.53289423,45.53290845,20.30922354,33.76975179,13,20.79999924,12.5
186000,4.75657806,7.14473649,5.60526252,8.05262982,6.69078873,5.98026306,5.64473658,5.09210541,3.76973658,6.09868347,7.10526243,7.44078888,44.82238413,20.17106295,36.11843706,17.10000038,20.89999962,12.39999962
186500,4.73684193,6.74999937,5.90131536,7.53947319,7.69736856,7.18421013,6.73026234,5.13157905,4.08552603,6.41447334,7.24342077,7.22368374,47.13159441,19.5197457,35.64475536,12,15.19999981,19.60000038
187000,5.05263135,6.90789432,5.8618413,5.76315747,8.09210478,6.61184103,6.8486841,4.30263117,4.79605212,5.11184157,6.59210487,7.53947319,45.27632832,23.03290845,33.00001503,19.39999962,20.89999962,19.60000038
187500,4.26315756,5.58552594,6.49342104,4.53947334,7.73684085,5.30921058,6.09868347,4.87499982,4.61842059,5.01315729,5.86184175,6.45394698,43.18421601,21.07895316,32.5855422,12.69999981,35.59999847,19.89999962
188000,4.69736784,6.74999937,6.1973682,5.64473568,6.59210487,5.52631527,6.05920941,5.42763189,3.84868383,5.56578888,5.09210451,5.90131536,45.55264593,25.32237411,31.36185765,13.39999962,11.89999962,13.5
188500,4.87499982,6.49342104,7.38157869,5.70394725,4.44078906,4.77631509,6.78947301,5.17105176,4.44078906,5.74342131,5.68421022,5.52631527,44.84211801,28.51974786,32.58553506,14.80000019,15.60000038,31.70000076
189000,5.26973649,6.9276318,8.36841972,6.29605158,4.55920995,5.05263135,6.21710478,5.56578933,4.69736829,5.74341999,4.63815765,5.72368338,44.60527539,26.88158871,32.34869241,17.10000038,14.89999962,16.10000038
189500,4.91447343,6.45394698,7.95394689,5.66447319,5.09210451,5.05263135,6.41447247,5.86184175,5.56578888,5.58552639,4.63815765,6.37499928,46.8552804,24.51316416,30.5131638,12.19999981,20.89999962,12.5
190000,4.12500009,5.78289405,8.90131563,5.42763099,5.5460523,5.15131518,5.42763099,4.85526279,5.84210514,5.26973649,5.68421022,5.94078897,46.51975392,28.53947997,31.04606151,12.10000038,18.20000076,23.89999962
190500,5.01315774,5.03289477,8.05263072,5.23026288,6.1973682,5.92105239,6.4342104,4.14473667,5.70394635,4.87499937,5.68421022,6.37499928,50.42764305,25.22368671,28.20395349,13.69999981,34.29999924,22.20000076
191000,4.85526279,5.17105176,7.67763108,6.17763162,6.05920986,6.01973667,6.53289423,4.4013159,5.60526252,4.12499919,6.25657752,6.1184205,47.60527611,26.15131974,23.26973856,12.30000019,26.10000038,21.5
191500,4.59868446,4.83552576,6.80921004,6.1973682,6.88815729,4.63815765,6.43420995,5.70394725,5.7828945,4.30263117,6.1973682,6.29605158,50.90132475,25.40132226,26.42763912,5.900000095,16.89999962,14.30000019
192000,4.26315756,5.13157905,6.90789432,5.11184157,7.97368347,4.1644737,5.4671046,5.64473658,5.82236811,5.19078882,6.23684184,7.26315693,51.13816737,25.6184256,26.21052861,11.60000038,26.5,19.20000076
192500,4.40131545,5.44736802,5.52631572,4.99342068,7.55920977,4.81578873,4.28289459,6.05920986,5.96052603,5.58552594,6.07894689,6.57236829,50.52632331,19.30263699,26.13158583,17.10000038,25.60000038,20.89999962
193000,4.83552576,5.96052603,6.09868347,5.86184175,7.57894725,6.45394698,5.23026243,5.52631482,5.42763099,5.76315747,6.23684184,7.63815789,54.71054076,17.78289915,27.37500966,10.39999962,20.79999924,16.39999962
193500,4.8157896,5.70394725,5.15131608,5.90131536,8.78289432,7.87499784,5.15131518,5.40789396,4.71710487,5.09210451,5.96052603,7.55920977,59.64475392,19.30264056,26.54606403,5.800000191,11.10000038,22.29999924
194000,4.5592104,5.40789396,5.42763054,6.69078873,8.32894743,7.00657815,4.49999973,4.93421004,5.11184157,5.32894716,6.67105257,7.40131527,63.96711588,18.96711051,27.17764734,12.39999962,19.60000038,22
194500,4.8157896,4.44078864,4.24342095,6.94736838,8.11184139,5.64473658,3.94736811,6.13815756,5.84210514,5.13157815,5.94078942,7.93420941,64.95396138,17.94079362,27.35527218,13.80000019,20.29999924,11.5
195000,5.44736802,3.80921067,4.87499982,6.69078873,7.51973658,6.07894689,4.5592104,6.29605158,6.27631545,4.44078906,5.64473658,6.86842023,59.70396279,22.08553434,32.84211873,9.5,29.5,26.89999962
195500,5.38815693,4.79605257,5.28947352,8.17105203,6.4342104,4.85526234,5.17105176,6.1973682,6.39473631,4.65789423,4.36184184,7.36184166,61.91448927,25.04606724,33.09869529,13.89999962,17,17.20000076
196000,5.01315774,5.05263135,5.50657869,7.87499874,4.48026315,5.15131518,5.82236811,4.71710487,6.0394737,4.91447343,5.4671046,6.45394653,61.02633477,25.95395745,33.25659156,12.30000019,27.10000038,10.30000019
196500,5.96052603,6.45394698,5.17105221,8.28947334,5.01315774,5.19078882,6.07894644,4.61842059,6.51315765,5.23026243,5.78289405,6.63157896,60.90790272,27.59211303,33.49343418,7.599999905,29.60000038,11.69999981
197000,6.31578864,6.37499928,6.71052576,8.11184139,4.85526279,5.11184157,5.84210469,4.55920995,4.9736841,5.5460523,5.82236901,7.85526306,62.70396708,29.56579686,36.73028112,17,20.29999924,15.30000019
197500,6.35526315,5.90131491,6.86842023,6.53289468,4.85526279,5.3881578,5.4671055,5.11184157,4.00657833,5.92105239,4.9736841,7.24342077,62.56580829,25.89474141,33.05923104,11.39999962,22.39999962,17.60000038
198000,5.44736802,5.19078882,7.49999955,6.57236784,5.09210451,5.5460523,5.40789396,5.32894671,3.84868383,6.73026234,5.03289477,7.53947229,51.73028112,23.96052897,34.28290845,14.39999962,18.89999962,29.20000076
198500,4.69736874,5.62499955,7.55921067,5.68421022,4.85526234,5.01315774,6.09868392,4.36184184,3.82894725,6.67105257,6.13815711,7.08552585,48.03948999,22.24342347,35.82238554,10.39999962,27.79999924,14.60000038
199000,4.57894698,4.95394707,7.73684262,3.96710514,4.65789468,5.21052585,6.29605158,4.51973721,4.61842104,6.29605158,6.49342059,7.14473604,52.42107153,23.9013201,38.82238626,12.69999981,20.10000038,19.39999962
199500,4.73684148,6.01973667,8.26973586,5.26973604,5.98026306,5.42763099,6.78947301,4.8157896,5.3881578,5.32894716,6.45394653,7.22368374,53.74344348,22.81579791,35.26975752,9.600000381,29.70000076,20.70000076
200000,4.85526279,4.51973631,6.11842095,6.23684184,6.45394653,5.72368428,6.90789432,4.97368365,5.60526297,6.05920941,6.80920959,6.17763117,55.6579113,18.82894992,32.07238554,8.699999809,26.70000076,30.29999924
